Name;Ticker
;LO 
;VLO 
;TO 
;LTO 
;VLTO 
;LY 
;VLY 
;MC 
;VMC 
;MI 
;VMI 
;SE
;
;NA 
;VNA 
;SE 
;TSE 
;FTSE 
;TS 
;ITS 
;CITS 
;UCITS 
;TF
;ETF
;RT 
;NRT 
;VNRT 
;RV 
;TRV 
;CO 
;SCO 
;TSCO 
;EM 
;SEM 
;TSEM 
;LA 
;SLA 
;TSLA 
;LX 
;SLX 
;TSLX 
;SM 
;TSM 
;NG
;ONG
;RONG
;TRONG
;AN 
;EE 
;SOE 
;TX 
;BTX 
;IBTX 
;CE 
;ICE 
;CF 
;ICF 
;FI 
;CFI 
;ICFI 
;CL 
;ICL 
;ON 
;CON 
;ICON 
;LR 
;CLR 
;ICLR 
;CU 
;ICU 
;UI 
;CUI 
;ICUI 
;RP 
;ORP 
;CORP 
;ACORP 
;DA 
;IDA 
;MY 
;OMY 
;YF 
;HYF 
;SHYF 
;ID 
;SID 
;AG 
;IE 
;SIE 
;IG 
;SIG 
;GI 
;IGI 
;SIGI 
;LK 
;ILK 
;SILK 
;MO 
;IMO 
;SIMO 
;ER
;GER
;UGER
;RUGER
;GA 
;RGA 
;EN 
;GEN 
;RGEN 
;LD 
;GLD 
;RGLD 
;NX 
;GNX 
;RGNX 
;GR 
;RGR 
;RH 
;HI 
;RHI 
;AG
;OO 
;GOO 
;OS
;NI 
;WNI 
;DWNI 
;WS 
;DWS 
;XC 
;DXC 
;IT
;CM 
;XCM 
;DXCM 
;RO 
;URO 
;EURO 
;STOXX
;XX
;OXX
;TOXX
;SA 
;XSA 
;DXSA 
;DY 
;NN
;AL 
;NAL 
;ONAL 
;IONAL 
;IL
;AIL
;TAIL
;ETAIL
;NNN
;NNI 
;NN 
;NNN 
;AH 
;OAH 
;NOAH 
;OC 
;NOC 
;OG 
;NOG 
;MD 
;OMD 
;NOMD 
;OV 
;NOV 
;NT 
;ENT 
;CENT 
;RE 
;ERE 
;CERE 
;ERT 
;CERT 
;ET 
;CET 
;CI 
;SCI 
;MSCI 
;SG 
;ESG 
;TB
;CTB
;UG 
;EUG 
;CEUG 
;RA 
;BRA 
;OBRA 
;BS 
;SBS 
;SI 
;BSI 
;SBSI 
;SW 
;BSW 
;SBSW 
;UX 
;BUX 
;SBUX 
;CCO 
;SCCO 
;HL 
;CHL 
;SCHL 
;HW 
;CHW 
;SCHW 
;DC 
;BDC 
;DX 
;BDX 
;BE 
;AM 
;EAM 
;BEAM 
;CN 
;ECN 
;BECN 
;EI 
;BEI 
;KE 
;EKE 
;BEKE 
;RA
;ERA
;TERA
;UTERA
;TRA 
;CTRA 
;CTS 
;SH 
;TSH 
;CTSH 
;VA 
;TVA 
;CTVA 
;UBE 
;CUBE 
;BI 
;UBI 
;CUBI 
;TR 
;UTR 
;CUTR 
;IC 
;HIC 
;RHIC 
;RRHIC 
;DV 
;ODV 
;MODV 
;OH 
;MOH 
;OMO 
;MOMO 
;RF 
;ORF 
;MORF 
;RN 
;ORN 
;MORN 
;OS 
;MOS 
;MP 
;PC 
;MPC 
;HT 
;BHT 
;JBHT 
;JBI 
;BL 
;JBL 
;LU 
;BLU 
;JBLU 
;BT 
;JBT 
;JCI 
;JD 
;HE 
;THE 
;ENCE 
;IENCE 
;OF
;EC 
;TEC 
;BTEC 
;ABTEC 
;AB 
;WAB 
;BC 
;ABC 
;WABC 
;FD 
;AFD 
;WAFD 
;WAL 
;ALD 
;WALD 
;AT 
;WAT 
;WB 
;ICO 
;IICO 
;AC 
;SAC 
;BSAC 
;BR 
;SBR 
;BSBR 
;NV
;SN 
;BSN 
;SX 
;BSX 
;SY 
;BSY 
;LI
;ILI
;AILI
;MAILI
;LB 
;DLB 
;DLO 
;DLR 
;LTR 
;DLTR 
;DLX 
;DMP 
;NB 
;DNB 
;NET 
;PNET 
;NW
;INW
;WK 
;AWK 
;WR 
;AWR 
;AX 
;XL 
;AXL 
;XNX 
;AXNX 
;XON 
;AXON 
;XP 
;AXP 
;WY
;OM
;NOM
;UV 
;NUV 
;VAX 
;NVAX 
;CR 
;VCR 
;NVCR 
;VDA 
;NVDA 
;PU
;GPU
;VEE 
;NVEE 
;VEI 
;NVEI 
;JP 
;VJP 
;NVJP 
;OE
;EOE
;IEOE
;BIEOE
;AZ 
;LAZ 
;ZR 
;AZR 
;LAZR 
;RDA 
;BRDA 
;LBRDA 
;LC 
;NP 
;BNP 
;EU 
;CEU 
;LCEU 
;CID 
;LCID 
;LCI 
;DOS 
;LDOS 
;AF 
;TE 
;ATE 
;FATE 
;YFATE 
;VSCO 
;VSH 
;ST 
;VST 
;STO 
;VSTO 
;STS 
;VSTS 
;LE 
;TLE 
;VTLE 
;OL 
;TOL 
;VTOL 
;OL
;TOL
;VTOL
;OP 
;COP 
;OR 
;COR 
;ORT 
;CORT 
;OST 
;COST 
;TY 
;OTY 
;COTY 
;UR 
;OUR 
;COUR 
;CP 
;YON 
;BYON 
;UN 
;ZUN 
;BZUN 
;CA 
;ZY 
;BZY 
;BO 
;ABO 
;CABO 
;CC 
;ACC 
;CACC 
;SB 
;ASB 
;GN
;SGN
;ASGN
;GN 
;SGN 
;ASGN 
;ASH 
;IX 
;SIX 
;ASIX 
;SLE 
;ASLE 
;ML 
;SML 
;ASML 
;AS
;ND 
;SND 
;ASND 
;AD
;NAD
;ANAD
;PBI 
;PPBI 
;PPC 
;PG 
;PPG 
;PL 
;PPL 
;PX 
;PPX 
;PR 
;EUR 
;HF 
;NO 
;INO 
;DINO 
;OD 
;IOD 
;DIOD 
;IS 
;DIS 
;ISH 
;DISH 
;US 
;DK 
;NG 
;KNG 
;DKNG 
;KS 
;DKS 
;SK 
;USK 
;IUSK 
;USM 
;IUSM 
;SQ 
;USQ 
;IUSQ 
;SS 
;USS 
;IUSS 
;SD 
;USD 
;SU 
;USU 
;IUSU 
;SZ 
;USZ 
;IUSZ 
;XM
;RI 
;IRI 
;SIRI 
;TC 
;ITC 
;SITC 
;ITE 
;SITE 
;TM 
;ITM 
;SITM 
;JM 
;SJM 
;SA
;MSA
;MSA 
;EX 
;SEX 
;MSEX 
;FT 
;SFT 
;MSFT 
;GE 
;SGE 
;MSGE 
;GS 
;SGS 
;MSGS 
;MSI 
;RX 
;XRX 
;LXRX 
;XS 
;LXS 
;XU 
;LXU 
;YFT 
;LYFT 
;II 
;III 
;SG
;ESG
;PI
;XO
;GXO
;WRE 
;GWRE 
;WW 
;GWW 
;XO 
;GXO 
;ZF 
;GZF 
;SBC 
;HSBC 
;ZJ 
;AE 
;HAE 
;HAG 
;VY
;XG 
;TXG 
;XMD 
;TXMD 
;XN 
;TXN 
;XRH 
;TXRH 
;XT 
;TXT 
;YL 
;TYL 
;TU 
;TNT 
;FTNT 
;TRE 
;FTRE 
;FTS 
;TV 
;FTV 
;TV
;UBO 
;FUBO 
;UL 
;FUL 
;LT
;ULT
;FULT
;AT
;NAT
;NNAT
;INNAT
;IEN 
;CIEN 
;CIG 
;CIGI 
;IM 
;CIM 
;NF 
;INF 
;CINF 
;BK 
;LBK 
;CLBK 
;CE
;ACE
;PACE
;DPACE
;MDC 
;LZ 
;DLZ 
;MDLZ 
;DRX 
;MDRX 
;DT 
;MDT 
;DU 
;MDU 
;DP 
;EDP 
;MEDP 
;EG 
;MEG 
;MEI 
;KWR 
;MR 
;YMR 
;KYMR 
;CK 
;OCK 
;LOCK 
;AAC 
;LAAC 
;BV 
;BBV 
;ABBV 
;CB 
;BCB 
;ABCB 
;BCL 
;ABCL 
;EV 
;BEV 
;ABEV 
;BG 
;ABG 
;BM 
;ABM 
;BNB 
;ABNB 
;VK 
;YVK 
;LYVK 
;LLYVK 
;MAT 
;LMAT 
;MND 
;LMND 
;MT 
;LMT 
;NC 
;LNC 
;LNG 
;PL
;GPL
;LNN 
;EWR 
;NEWR 
;FE 
;NFE 
;FG 
;NFG 
;FLX 
;NFLX 
;VT 
;GVT 
;NGVT 
;HC 
;NHC 
;NHI 
;CG
;FIX 
;ZZ 
;IZZ 
;FIZZ 
;FL 
;LEX 
;FLEX 
;GT 
;LGT 
;FLGT 
;FLNC 
;FLO 
;FLR 
;PC
;EPC
;ICA 
;VICA 
;IVICA 
;AMD 
;ME 
;AME 
;DR
;EA 
;MEA 
;AMEA 
;ED 
;MED 
;AMED 
;EH 
;MEH 
;AMEH 
;OT
;PRA
;HB
;PRA 
;AA 
;RAA 
;PRAA 
;PT 
;EPT 
;CEPT 
;OCEPT 
;CT 
;RCT 
;PRCT 
;RFT 
;PRFT 
;ROG 
;PROG 
;RG 
;PRG 
;GO 
;RGO 
;PRGO 
;RGS 
;PRGS 
;OFI 
;SOFI 
;SON 
;ONO 
;SONO 
;NY 
;ONY 
;SONY 
;VO 
;OVO 
;SOVO 
;PB 
;SPB 
;PCE 
;SPCE 
;PBG 
;SPBG 
;NA
;CNA
;TG 
;MTG 
;CMTG 
;CNA 
;CNC 
;NDT 
;CNDT 
;NH 
;CNH 
;CNHI 
;CNI 
;NK 
;CNK 
;CH
;RCH
;ARCH
;GTE 
;IGTE 
;MIGTE 
;PN 
;PPN 
;APPN 
;PS 
;PPS 
;APPS 
;PTV 
;APTV 
;QN 
;AQN 
;AR 
;RCB 
;ARCB 
;RCC 
;ARCC 
;PT
;GPT
;SY
;PI 
;GPI 
;PK 
;GPK 
;GPN 
;POR 
;GPOR 
;PRE 
;GPRE 
;PRO 
;GPRO 
;AP
;GAP
;GPS 
;CBK 
;TCBK 
;OM 
;COM 
;TCOM 
;TD 
;DG 
;TDG 
;DOC 
;TDOC 
;DS 
;TDS 
;DW 
;TDW 
;ALI
;NALI
;ENALI
;LI 
;NLI 
;DNLI 
;OW 
;NOW 
;DNOW 
;UT 
;NUT 
;DNUT 
;OCN 
;DOCN 
;CS 
;OCS 
;DOCS 
;OCU 
;DOCU 
;OOO 
;DOOO 
;YO 
;AYO 
;PAYO 
;YX 
;AYX 
;PAYX 
;BA 
;PBA 
;BB 
;PBB 
;BF 
;PBF 
;BH 
;PBH 
;CK
;ICK
;RICK
;TRICK
;PAR 
;POS
;ARAA 
;PARAA 
;RR 
;ARR 
;PARR 
;TH 
;ATH 
;PATH 
;TK 
;ATK 
;PATK 
;AY 
;PAY 
;YC 
;AYC 
;PAYC 
;QY
;JQY
;FJQY
;OR
;MOR
;XMOR
;IXMOR
;PE 
;NENT 
;TN
;KL 
;RKL 
;BRKL 
;KR 
;RKR 
;BRKR 
;BRO 
;ROS 
;BROS 
;BRP 
;BRX 
;ZE 
;RZE 
;BRZE 
;AN
;MAN
;TMAN
;STMAN
;ECPI 
;MEC 
;EMEC 
;UBS 
;MIE 
;EMIE 
;MN 
;EMN 
;NU 
;MNU 
;EMNU 
;EMR 
;SRI 
;IL 
;AIL 
;KAIL 
;AKAIL 
;VI
;AVI
;IAVI
;VIAVI
;FEM 
;VFEM 
;GEU 
;VGEU 
;VGR 
;WD 
;GWD 
;VGWD 
;WL 
;GWL 
;VGWL 
;AV 
;IAV 
;VIAV 
;OC
;XJ 
;BXJ 
;DBXJ 
;XW 
;BXW 
;DBXW 
;CBO 
;DCBO 
;DCI 
;DCOM 
;DD 
;DOG 
;DDOG 
;ELI 
;MELI 
;LATAM 
;EOH 
;MEOH 
;MET 
;TA 
;ETA 
;META 
;FA 
;MFA 
;TT 
;FC 
;MFC 
;MFG 
;MAX 
;RMAX 
;MBS 
;RMBS 
;RMD 
;RNA 
;RNG 
;NL 
;RNL 
;NR 
;RNR 
;ST
;NST
;RNST
;RO
;ERO
;WERO
;RCE
;URCE
;SURCE
;RIE 
;ERIE 
;RJ 
;ERJ 
;ERO 
;ES 
;SAB 
;ESAB 
;ESCO 
;ESE 
;ESI 
;SL 
;ESL 
;DDS 
;DE 
;ECK 
;DECK 
;DEI 
;LL 
;ELL 
;DELL 
;EO 
;DEO 
;FH 
;DFH 
;NT
;ONT
;MONT
;QMONT
;CRX 
;PCRX 
;CTY 
;PCTY 
;VX 
;CVX 
;PCVX 
;PD 
;PDD 
;DM 
;PDM 
;AK 
;EAK 
;PEAK 
;EX
;LEX
;PLEX
;APLEX
;OKE 
;KTA 
;OKTA 
;LED 
;OLED 
;LLI 
;OLLI 
;LN 
;OLN 
;LPX 
;OLPX 
;DE
;VDE
;JVDE
;AJVDE
;ON
;SON
;SSON
;ESSON
;SC
;JSC
;PJSC
;MBT 
;UU 
;BUU 
;MBUU 
;MCB 
;CD 
;MCD 
;HP 
;CHP 
;MCHP 
;MCK 
;MCO 
;NK
;ANK
;BANK
;FB 
;FBK 
;BNC 
;FBNC 
;BP 
;FBP 
;SP 
;BSP 
;BRT 
;FBRT 
;EL 
;CEL 
;FCEL 
;FCF 
;FS 
;CFS 
;FCFS 
;INC 
;PINC 
;NS 
;INS 
;PINS 
;IPR 
;PIPR 
;KG 
;PKG 
;OSCO 
;POSCO 
;KX 
;PKX 
;LAB 
;PLAB 
;IS
;NIS
;ONIS
;RONIS
;EGO 
;GP 
;EGP 
;HAB 
;EHAB 
;EHC 
;EIG 
;EIX 
;MB 
;UMB 
;MBF 
;UMBF 
;UMC 
;MH 
;UMH 
;QA 
;IQA 
;NIQA 
;UNIQA 
;UNF 
;NFI 
;UNFI 
;NSH 
;INSH 
;LINSH 
;RS
;IRS
;ET
;IET
;NIET
;INIET
;KMB 
;KMI 
;MPR 
;KMPR 
;KMT 
;MX 
;KMX 
;KNF 
;NSL 
;KNSL 
;NTK 
;KNTK 
;RAB 
;GRAB 
;RMN 
;GRMN 
;RPN 
;GRPN 
;WG 
;RWG 
;GRWG 
;HD 
;SHD 
;GSHD 
;SK
;GSK
;GSK 
;WIE 
;AWIE 
;FAWIE 
;FROG 
;RPT 
;FRPT 
;RSH 
;FRSH 
;FRT 
;KKR 
;FSK 
;SLR 
;FSLR 
;SLY 
;FSLY 
;EL
;VEL
;RVEL
;ORVEL
;VL 
;RVL 
;CRVL 
;RWD 
;CRWD 
;CSCO 
;SGP 
;CSGP 
;CSG 
;CSGS 
;IQ 
;SIQ 
;CSIQ 
;CSL 
;MV
;OMV
;OMC 
;MCL 
;OMCL 
;MF 
;OMF 
;OMI 
;MV 
;OMV 
;RCL 
;SRCL 
;SRE 
;SRPT 
;VZ
;SSB 
;SSD 
;SSL 
;RC 
;CRC 
;SCRC 
;CBI 
;UCBI 
;CTT 
;UCTT 
;DMY 
;UDMY 
;UDR
;DR 
;UDR 
;UE 
;UEN 
;NLY 
;NMEC 
;NMI 
;IH 
;MIH 
;NMIH 
;NMR 
;MRA 
;NMRA 
;RK 
;MRK 
;NMRK 
;PSA 
;SMT 
;PSMT 
;PSN 
;SNY 
;PSNY 
;STG 
;PSTG 
;PSX 
;PTC 
;TCT 
;PTCT 
;IX
;RIX
;TRIX
;NTRIX
;CNS 
;CNX 
;NXC 
;CNXC 
;NXN 
;CNXN 
;OCO 
;COCO 
;DI
;ODI
;CODI
;OF 
;COF 
;MST 
;TMST 
;MUS 
;TMUS 
;TMV 
;TNC 
;NDM 
;TNDM 
;TNET 
;TNL 
;ALC 
;LTC 
;ALTC 
;LCC 
;ALCC 
;ALE 
;LEC 
;ALEC 
;ALEX 
;GRO
;EGRO
;LEGRO
;GM 
;LGM 
;ALGM 
;LGN 
;ALGN 
;AC
;DAC
;AY
;NAY
;INAY
;MINAY
;IA 
;AIA 
;SAIA 
;AIC 
;SAIC 
;SAM 
;NM 
;ANM 
;SANM 
;AP 
;SAP 
;SR 
;ASR 
;SASR 
;ATS 
;SATS 
;LF
;RRC 
;RRR 
;TL 
;RTL 
;RRTL 
;RRX 
;RS 
;RSG 
;KD 
;SKD 
;RSKD 
;NS
;ONS
;IONS
;TIONS
;IDE
;WIDE
;DWIDE
;WI
;NWI
;IN 
;AIN 
;UAIN 
;VAC 
;VAL 
;VALE 
;AS 
;VAS 
;IA
;QGEN 
;YS 
;LYS 
;QLYS 
;RVO 
;QRVO 
;QS 
;QSR 
;TRX 
;QTRX 
;WO 
;TWO 
;QTWO 
;RSK 
;VRSK 
;RSN 
;VRSN 
;VRT 
;RTS 
;VRTS 
;RTX 
;VRTX 
;SAT 
;VSAT 
;SCH
;TSCH
;NTSCH
;BN 
;BNL 
;BNR 
;NRE 
;BNRE 
;BNS 
;NTX 
;BNTX 
;OE 
;OOE 
;ROOE 
;AD 
;OAD 
;ROAD 
;ROCK 
;OK 
;ROK 
;KU 
;OKU 
;ROKU 
;ROL 
;OT 
;OOT 
;ROOT 
;EBL 
;CEBL 
;CEG 
;CEIX 
;LH 
;ELH 
;CELH 
;CEMR 
;MS 
;EMS 
;CEMS 
;VY 
;FPI 
;UFPI 
;GI
;UGI
;UGI 
;UGP 
;HAL 
;UHAL 
;HS 
;UHS 
;ZBRA 
;ZD 
;ZG 
;IMV 
;ZIMV 
;ION 
;ZION 
;IP 
;ZIP 
;NVMI 
;NVO 
;VR 
;NVR 
;VRO 
;NVRO 
;VS 
;NVS 
;NVT 
;WBI 
;NWBI 
;GS
;UGS
;UUGS
;IPC 
;BIPC 
;IRK 
;BIRK 
;BJ 
;ECPI
;CPI
;JLE 
;BJLE 
;BNY 
;BKE 
;MGA 
;MGE 
;GEE 
;MGEE 
;MGM 
;MGP 
;MGPI 
;GRC 
;MGRC 
;GY 
;MGY 
;HK 
;MHK 
;WMT 
;WNS 
;LF 
;OLF 
;WOLF 
;OOF 
;WOOF 
;WOR 
;OSB 
;WOSB 
;LS 
;CLS 
;LVT 
;CLVT 
;CLX 
;MA 
;CMA 
;CMC 
;CSA 
;MCSA 
;CMCSA 
;CME 
;XST 
;NXST 
;YCB 
;NYCB 
;YMT 
;NYMT 
;YT 
;NYT 
;CNM 
;ED
;MED
;NMED
;ONMED
;NMD 
;CNMD 
;CNO 
;OB 
;NOB 
;CNOB 
;CNP 
;NQ 
;CNQ 
;NICE 
;IO
;NIO
;IO 
;NIO 
;JR 
;NJR 
;NKE 
;LOP 
;NLOP 
;LW 
;GLW 
;MAB 
;GMAB 
;GME 
;GMED 
;GMS 
;US
;OMB 
;HOMB 
;HON 
;OOD 
;HOOD 
;OPE 
;HOPE 
;HOT 
;OUS 
;HOUS 
;EVR 
;VRG 
;EVRG 
;VRI 
;EVRI 
;EVT 
;VTC 
;EVTC 
;EW 
;WEC 
;EWEC 
;KET
;CKET
;OCKET
;VN 
;IVN 
;RIVN 
;JF 
;RJF 
;KLB 
;RKLB 
;KT 
;RKT 
;RL 
;LAY 
;RLAY 
;RLI 
;LY
;CAT 
;HCAT 
;HCC 
;HCM 
;HCP 
;HCSG 
;DFC 
;HDFC 
;DB 
;HDB 
;HPE 
;HPK 
;PP 
;HPP 
;HP
;PQ 
;HPQ 
;QY 
;HQY 
;HR 
;RB 
;HRB 
;HM 
;THM 
;LTHM 
;ULU 
;LULU 
;UMN 
;LUMN 
;LUV 
;LVS 
;VW 
;IRA
;CIRA
;ACIRA
;PBR 
;CAR 
;PCAR 
;CG 
;PCG 
;CH 
;PCH 
;PCOR 
;YH 
;CYH 
;YRX 
;CYRX 
;YTK 
;CYTK 
;CZR 
;EUR
;UR
;ALA 
;OCIT 
;DOCIT 
;WER
;OWER
;POWER
;SPR 
;SPS 
;SC 
;PSC 
;SPSC 
;SPT 
;TN 
;PTN 
;SPTN 
;PWR 
;SPWR 
;SPX 
;PXC 
;SPXC 
;PDR 
;SPDR 
;YW 
;PYW 
;SPYW 
;OGT 
;COGT 
;OHR 
;COHR 
;OIN 
;COIN 
;COKE 
;OLB 
;COLB 
;OLD 
;COLD 
;LM 
;OLM 
;COLM 
;EP 
;PEP 
;ER 
;PER 
;ERI 
;PERI 
;ETS 
;PETS 
;PFC 
;PFE 
;PFG 
;GC 
;FGC 
;PFGC 
;SER
;ISER
;AISER
;UM
;NUM
;INUM
;MINUM
;AMAN
;KAMAN
;WN 
;JWN 
;ALU 
;KALU 
;AMN 
;KAMN 
;KAR 
;KB 
;KBH 
;BR
;KBR
;NEX 
;SNEX 
;SNOW 
;NPS 
;SNPS 
;NV 
;SNV 
;SNX 
;SO 
;EGN 
;REGN 
;ELY 
;RELY 
;RPC 
;RES 
;YN 
;EYN 
;REYN 
;ZI 
;EZI 
;REZI 
;ION
;RION
;ERION
;TDR 
;MTDR 
;GIC 
;MGIC 
;MTH 
;TLS 
;MTLS 
;MTN 
;TRN 
;MTRN 
;TTR 
;MTTR 
;SMI 
;XSMI 
;XX 
;OXX 
;TOXX 
;STOXX 
;USA
;UCD 
;XUCD 
;FN 
;UFN 
;XUFN 
;CIE 
;ICIE 
;CICIE 
;TO
;TTO
;ITTO
;VITTO
;GIS 
;GL 
;LBE 
;GLBE 
;LOB 
;GLOB 
;LPG 
;GLPG 
;LPI 
;GLPI 
;LUX 
;GLUX 
;LE
;ALE
;CALE
;SCALE
;WME 
;VAIS
;AIS
;MG 
;SMG 
;MPL 
;SMPL 
;SMR 
;MTC 
;SMTC 
;SNA 
;NAP 
;SNAP 
;CWK 
;WST 
;CWST 
;WT 
;CWT 
;CX 
;XM 
;CXM 
;NXT 
;CXT 
;YBR 
;CYBR 
;DIA
;ADIA
;CADIA
;CO
;LCO
;ALCO
;HALCO
;HER
;CHER
;RCHER
;CGL 
;ACGL 
;CHC 
;ACHC 
;HY
;HHY
;CHHY
;ACHHY
;CHR 
;ACHR 
;ACI 
;IW 
;CIW 
;ACIW 
;ACLS 
;VU 
;EK 
;TEK 
;TTEK 
;TGT 
;TTGT 
;TTM 
;TMI 
;TTMI 
;TTWO 
;TUI 
;VTX 
;TVTX 
;IF
;EIF
;REIF
;GREIF
;DYN 
;GDYN 
;EF 
;GEF 
;GEHC 
;GEO 
;GES 
;ETY 
;GETY 
;COLN 
;NCOLN 
;IC
;RIC
;TRIC
;CTRIC
;ND
;END
;LEA 
;ECO 
;LECO 
;LEG 
;LEGN 
;LEN 
;LESL 
;RNO 
;TRNO 
;ROW 
;TROW 
;TRP 
;TRS 
;RU 
;TRU 
;UP 
;RUP 
;TRUP 
;IAD 
;FIAD 
;DFIAD 
;OO
;WE 
;NWE 
;NWL 
;NWN 
;WSA 
;NWSA 
;NXP 
;XPI 
;NXPI 
;XRT 
;NXRT 
;IM
;MAR 
;ARA 
;MARA 
;MAS 
;ASI 
;MASI 
;ATV 
;MATV 
;TW 
;ATW 
;MATW 
;IN
;RIN
;ARIN
;MARIN
;UP
;OUP
;ROUP
;GROUP
;MBL 
;BMBL 
;BMI 
;BMO 
;MRN 
;BMRN 
;MW 
;BMW 
;BMY 
;YCR 
;PYCR 
;YPL 
;PYPL 
;ZA 
;ZZA 
;PZZA 
;QCOM 
;QD 
;DEL 
;QDEL 
;YBA 
;SYBA 
;BD 
;YBD 
;SYBD 
;YBT 
;SYBT 
;SYF 
;YK 
;SYK 
;YNA 
;SYNA 
;NSG 
;ENSG 
;NTA 
;ANTA 
;NANTA 
;ENTA 
;NTG 
;ENTG 
;ENV 
;VA
;NVA
;ENVA
;NVX 
;ENVX 
;OAN 
;EOAN 
;EOG 
;BVN 
;WA 
;BWA 
;WX 
;BWX 
;WXT 
;BWXT 
;BXP 
;YD 
;BYD 
;YG 
;BYG 
;YND 
;BYND 
;WU 
;VWU 
;WVWU 
;WWW 
;WY 
;YNN 
;WYNN 
;AIX 
;XAIX 
;AB
;PAB
;BAF 
;XBAF 
;BX 
;GBX 
;GCI 
;GD 
;DDY 
;GDDY 
;GDRX 
;GDS 
;TA
;ETA
;QETA
;RQETA
;PW 
;MPW 
;MPWR 
;MQ 
;CY 
;RCY 
;MRCY 
;MRNA 
;OY
;QOY
;OQOY
;AOQOY
;DAY 
;WDAY 
;WDC 
;WDFC 
;WDS 
;WELL 
;WEN 
;JW 
;SJW 
;KIL 
;SKIL 
;KIN 
;SKIN 
;SKT 
;SKX 
;KY 
;SKY 
;KYW 
;SKYW 
;IMI 
;CDA 
;ICDA 
;RAC
;ERAC
;NERAC
;RY
;ERY
;CERY
;OCERY
;LET
;TLET
;UTLET
;VM 
;MVM 
;GMVM 
;GNL 
;NRC 
;GNRC 
;GNTX 
;NW 
;GNW 
;GOB 
;FNV 
;FOAN 
;FOLD 
;RM 
;ORM 
;FORM 
;ORR 
;FORR 
;FOUR 
;XA 
;OXA 
;FOXA 
;XF 
;OXF 
;FOXF 
;EN
;DEN
;RDEN
;ARDEN
;IGN
;SIGN
;ESIGN
;PZ 
;DPZ 
;DQ 
;DRI 
;RQ 
;DRQ 
;RVN 
;DRVN 
;DSGN 
;GX 
;SGX 
;DSGX 
;LT 
;SLT 
;ESLT 
;PO 
;SPO 
;ESPO 
;STC 
;ESTC 
;STE 
;ESTE 
;TLH 
;ETLH 
;ETN 
;AON
;NDE 
;ANDE 
;ANET 
;ANF 
;NGI 
;ANGI 
;NSS 
;ANSS 
;AOMD 
;AON 
;AO 
;AOS 
;XIS
;AXIS
;EIS
;ZEIS
;AZEIS
;XIS 
;AXIS 
;AXS 
;XTA 
;AXTA 
;ZEK 
;AZEK 
;PA 
;SPA 
;ISPA 
;SRG 
;ISRG 
;IT 
;TCI 
;ITCI 
;TGR 
;ITGR 
;TOS 
;ITOS 
;TRI 
;ITRI 
;MOS
;AMOS
;EINO 
;REINO 
;FIM
;EDR 
;EDU 
;EFT 
;EEFT 
;FSC 
;EFSC 
;FX 
;EFX 
;FE
;AFE
;SAFE
;ISAFE
;TIN 
;VTIN 
;IVTIN 
;MRC 
;AMRC 
;MRX 
;AMRX 
;SF 
;MSF 
;AMSF 
;AMT 
;ZN 
;MZN 
;AMZN 
;BD
;LNT 
;NTH 
;LNTH 
;LNW 
;OGI 
;LOGI 
;OMA 
;LOMA 
;XOM 
;XP
;PEL 
;XPEL 
;PEV 
;XPEV 
;PO
;XPO
;XPO 
;QUI 
;XQUI 
;RAY 
;XRAY 
;AVA 
;DAVA 
;AWN 
;DAWN 
;BRG 
;DBRG 
;DBX 
;DAX 
;XD 
;BXD 
;DBXD 
;TE
;ETE
;XSI 
;EXSI 
;TON
;RTON
;ORTON
;DH 
;DHC 
;HER 
;DHER 
;DHI 
;DHL 
;DHR 
;DIN 
;RE
;ORE
;CORE
;OCORE
;MAB
;IMAB 
;IMAX 
;MCR 
;IMCR 
;MGN 
;IMGN 
;MKTA 
;IMKTA 
;MTX 
;IMTX 
;YV 
;CYV 
;ICYV 
;NICYV 
;GML 
;SGML 
;RY 
;GRY 
;SGRY 
;HAK 
;SHAK 
;SHC 
;HEL 
;SHEL 
;HEN 
;SHEN 
;HG 
;SHG 
;FY 
;KFY 
;KGC 
;KHC 
;KIM 
;LG 
;KLG 
;LIC 
;KLIC 
;BCH 
;BCO 
;CPC 
;BCPC 
;BCRX 
;LC
;PLC
;BCS 
;CSF 
;BCSF 
;CYC 
;BCYC 
;VTR 
;VTRS 
;VTS 
;TYX 
;VTYX 
;TF 
;ETF 
;USA 
;VUSA 
;YQ 
;VD 
;VVD 
;VV 
;VVV 
;NE
;INE
;LINE
;OLINE
;DV
;IDV
;UYL 
;VUYL 
;CTILO 
;DVA 
;DVAX 
;DVN 
;WAC 
;DWAC 
;PV 
;UPV 
;SUPV 
;WAV 
;SWAV 
;SWK 
;WKS 
;SWKS 
;SWN 
;WTX 
;SWTX 
;SWX 
;QR 
;CQR 
;BTG 
;BTU 
;UD 
;BUD 
;URL 
;BURL 
;USE 
;BUSE 
;VB 
;BVB 
;MLX 
;AMLX 
;AMP 
;PH 
;MPH 
;AMPH 
;AMPL 
;MPS 
;AMPS 
;AMR 
;ING 
;INMD 
;NSP 
;INSP 
;NST 
;INST 
;INTA 
;NTC 
;INTC 
;NTU 
;INTU 
;FIN 
;DFIN 
;DFS 
;DGX 
;MDX 
;TMDX 
;TME 
;TMEC 
;TMO 
;OQ 
;POQ 
;MPOQ 
;TMPOQ 
;ITT 
;UB 
;TUB 
;ITUB 
;ITW 
;IUSA 
;AEX 
;SJ 
;USJ 
;IUSJ 
;SPH 
;USPH 
;PY 
;SPY 
;USPY 
;DI 
;TDI 
;UTDI 
;THR 
;UTHR 
;TZ 
;UTZ 
;UVV 
;XIN 
;UXIN 
;HYG 
;XHYG 
;AW 
;MAW 
;XMAW 
;MEU 
;XMEU 
;MME 
;XMME 
;MTR 
;XMTR 
;NCR 
;XNCR 
;DJP 
;XDJP 
;WF 
;DWF 
;XDWF 
;WH 
;DWH 
;XDWH 
;WM 
;DWM 
;XDWM 
;DWT 
;XDWT 
;EIN 
;XEIN 
;MG
;AMG
;ECOM 
;AECOM 
;ACM 
;ACN 
;ACT 
;DBE 
;ADBE 
;DER 
;ADER 
;ADG 
;ADI 
;EE
;IEE
;WIEE
;IWIEE
;ATRI 
;TSG 
;ATSG 
;TUS 
;ATUS 
;AU 
;AUB 
;AUS 
;OA
;MOA
;SCO
;ESCO
;WESCO
;YU
;NYU
;INYU
;CINYU
;WBA 
;WBD 
;WBS 
;WESCO 
;WCC 
;WCH 
;WCN 
;CUS 
;RCUS 
;RDC 
;DFN 
;RDFN 
;DN 
;RDN 
;DNT 
;RDNT 
;EAL 
;REAL 
;REG 
;FDS 
;FDX 
;ELE 
;FELE 
;FF 
;FBC 
;FFBC 
;IV 
;FIV 
;FFIV 
;FWM 
;FFWM 
;ACE 
;RACE 
;RAMP 
;RAW 
;RBA 
;RBC 
;BLX 
;RBLX 
;YTE 
;MYTE 
;BLE 
;ABLE 
;ABL 
;NABL 
;APA 
;NAPA 
;ARI 
;NARI 
;ATL 
;NATL 
;VI 
;AVI 
;NAVI 
;BHC 
;NBHC 
;BIX 
;NBIX 
;ANT
;LANT
;PLANT
;PLAY 
;PLD 
;LMR 
;PLMR 
;PLNT 
;LRX 
;PLRX 
;LTK 
;PLTK 
;JOY
;WK
;AWK
;UAWK
;OUAWK
;HO 
;MHO 
;IDD 
;MIDD 
;IR 
;MIR 
;IVB 
;MIVB 
;KC 
;MKC 
;MKL 
;MKS 
;UNA 
;EUNA 
;UNH 
;EUNH 
;UNL 
;EUNL 
;UNN 
;EUNN 
;UNR 
;EUNR 
;MY
;MUX 
;VIS 
;MVIS 
;MWA 
;YR 
;MYR 
;YRG 
;MYRG 
;MYT 
;VF 
;DVF 
;QDVF 
;VH 
;DVH 
;QDVH 
;DVR 
;QDVR 
;DVS 
;QDVS 
;DVY 
;QDVY 
;WV
;VICL 
;VVICL 
;NRG 
;NSA 
;NSC 
;SIT 
;NSIT 
;PCO 
;APCO 
;NAPCO 
;SSC 
;NSSC 
;AFA 
;LAFA 
;ILAFA 
;UG
;TUG
;GA
;EGA
;PEGA
;EB 
;PEB 
;IPS 
;LIPS 
;LLIPS 
;ANY 
;PANY 
;MPANY 
;PECO 
;PEG 
;EGA 
;PEGA 
;PEN 
;ENN 
;PENN 
;NAS
;INAS
;VINAS
;PX
;MK 
;RMK 
;ARMK 
;QT 
;RQT 
;ARQT 
;MOUR 
;RMOUR 
;ARVL 
;ARVN 
;RW 
;ARW 
;SAN 
;ASAN 
;CMN 
;LCMN 
;ULCMN 
;EEN
;REEN
;GREEN
;BY 
;TET
;SLAB 
;SLB 
;LCA 
;SLCA 
;SLF 
;SLG 
;SLGN 
;SLM 
;EMSA
;FEMSA
;FLT 
;LYW 
;FLYW 
;FMC 
;FME 
;FMS 
;FMX 
;AA
;MAA
;ZB 
;LZB 
;MAA 
;MAN 
;ANH 
;MANH 
;ANU 
;MANU 
;RON
;URON
;HURON
;UBB 
;HUBB 
;UBG 
;HUBG 
;HUBS 
;UM 
;HUM 
;HUN 
;URN 
;HURN 
;YA
;UYA
;HUYA
;YA 
;UYA 
;HUYA 
;IR
;NIR
;AAV 
;IAAV 
;VIAAV 
;ICI 
;VICI 
;ICR 
;VICR 
;VIPS 
;VIR 
;IRT 
;VIRT 
;VIV 
;HOG 
;AHOG 
;IG
;AIG
;AIG 
;AAR 
;AIR 
;AIT 
;ACB 
;PACB 
;PAG 
;AGS 
;PAGS 
;PAM 
;ANW 
;PANW 
;QT
;EQT
;QIX 
;EQIX 
;QNR 
;EQNR 
;EQR 
;EQT 
;ERCB 
;ERF 
;EY
;HEY
;SHEY
;RSHEY
;OP
;HSY 
;HTH 
;THT 
;HTHT 
;TLD 
;HTLD 
;TLF 
;HTLF 
;HTZ 
;GQ
;ZGQ
;TZGQ
;HTZGQ
;RNX 
;CRNX 
;OX 
;ROX 
;CROX 
;CRS 
;ISPR 
;RISPR 
;RSP 
;CRSP 
;RSR 
;CRSR 
;RTO 
;CRTO 
;RUS 
;CRUS 
;IGM 
;IGMS 
;IGT 
;SBM 
;HCB 
;IHCB 
;IHG 
;IIPR 
;LMN 
;ILMN 
;MEM 
;AMEM 
;AMG 
;AMGN 
;AMH 
;AMK 
;MKR 
;AMKR 
;ID
;VID
;IVID
;VIVID
;TS
;ATS
;EATS
;SEATS
;RD
;ARD
;SARD
;BSARD
;EAS 
;SEAS 
;EAT 
;SEAT 
;SEB 
;EDG 
;SEDG 
;SEE 
;SEI 
;EIC 
;SEIC 
;NY
;VNT 
;OYA 
;VOYA 
;VRE 
;RNS 
;VRNS 
;RNT 
;VRNT 
;RRM 
;VRRM 
;RAD
;BHP 
;IDU 
;BIDU 
;IGC 
;BIGC 
;IB 
;IIB 
;BIIB 
;ILI 
;BILI 
;ILL 
;BILL 
;BIO 
;AOS
;FTE 
;GION
;EGION
;ALGT 
;LIT 
;ALIT 
;ALK 
;LKS 
;ALKS 
;LKT 
;ALKT 
;ALL 
;LLE 
;ALLE 
;ACA 
;AACA 
;AAL 
;AAON
;AAON 
;AAP 
;APL 
;AAPL 
;AAT 
;ABN 
;AMRO 
;MRO 
;RTN 
;MRTN 
;MRTX 
;MRUS 
;RVI 
;MRVI 
;MRVL 
;ANA 
;RANA 
;WAG 
;AWAG 
;BAWAG 
;OVD 
;COV 
;NBA 
;INBA 
;ITY 
;VVX 
;WCE 
;VWCE 
;VYX 
;VZ 
;ZIO 
;VZIO 
;MW
;VE
;LVE
;OLVE
;VOLVE
;RUN 
;LV 
;VLV 
;RVLV 
;VMD 
;RVMD 
;VNC 
;RVNC 
;VTY 
;RVTY 
;AFX 
;FYA 
;AFYA 
;GRANA 
;GCO 
;AGCO 
;GIO 
;AGIO 
;AGL 
;ECP 
;VECP 
;EEV 
;VEEV 
;ERV 
;VERV 
;UK 
;ERX 
;VERX 
;VET 
;VFC 
;CEN 
;JCEN 
;OHO
;WOHO
;EWOHO
;HO
;ECL 
;CPG 
;ECPG 
;CV 
;ECV 
;DIT 
;EDIT 
;PAC 
;EPAC 
;EPAM 
;EPC 
;EPR 
;PRT 
;EPRT 
;AXA 
;QH 
;EQH 
;FL
;GFL
;GFF 
;GFI 
;GFL 
;GFS 
;GAL 
;GGAL 
;GB 
;GGB 
;GG 
;GGG 
;ES
;NES
;ANES
;HANES
;FW 
;HAS 
;AYW 
;HAYW 
;BAN 
;HBAN 
;HBI 
;HCA 
;STLD 
;STN 
;NE 
;TNE 
;STNE 
;TNG 
;STNG 
;STR 
;STRA 
;RYQ 
;TRYQ 
;STRYQ 
;CPA 
;CPB 
;CPE 
;CPK 
;ANG 
;PANG 
;UPANG 
;PNG 
;CPNG 
;PRI 
;CPRI 
;CPRT 
;ONB 
;EIT
;REIT
;ONL 
;NTO 
;ONTO 
;OPCH 
;OPEN 
;PFI 
;OPFI 
;OPK 
;OOT
;BOOT
;RN
;ARN
;BARN
;BOH 
;BOK 
;KF 
;OKF 
;BOKF 
;BOOT 
;OSS 
;BOSS 
;BOX 
;BP
;POP 
;BPOP 
;HOO 
;IBP
;CQ 
;BCQ 
;IBCQ 
;IBCS 
;BKR 
;IBKR 
;BM
;IBM
;IBM 
;CICI 
;ICICI 
;IBN 
;BOC 
;IBOC 
;IBP 
;TBA 
;STBA 
;TEM 
;STEM 
;TEP 
;STEP 
;TER 
;STER 
;THO 
;STHO 
;TLA 
;STLA 
;WAN 
;IWAN 
;DCC 
;IDCC 
;EXX 
;DEXX 
;IDEXX 
;DXX 
;IDXX 
;EVD 
;IEVD 
;DEX 
;IDEX 
;IEX 
;IFX 
;CAL 
;ALX 
;CALX 
;ANO 
;CANO 
;ARG 
;CARG 
;CARR 
;VAC
;HVAC
;ARS 
;CARS 
;ART 
;CART 
;CES
;ICES
;VICES
;EXIS
;DEXIS
;CDLX 
;DMO 
;CDMO 
;DNA 
;CDNA 
;DNS 
;CDNS 
;DRE 
;ADRE 
;CADRE 
;NGS
;INGS
;DINGS
;CDRE 
;DW
;CDW
;CDW 
;DXS 
;CDXS 
;NU
;NTR 
;TRA
;NTRA
;NTRS 
;TST 
;NTST 
;NUE 
;NUS 
;BZ 
;OOR 
;DOOR 
;DORM 
;OUG 
;DOUG 
;DOV 
;DOW 
;DOX 
;DM
;ADM
;ADM 
;ADNT 
;ADP 
;DPT 
;ADPT 
;ADS 
;DSK 
;ADSK 
;RAN 
;TRAN 
;DTRAN 
;CZ 
;WCZ 
;EWCZ 
;XAS 
;EXAS 
;EXC 
;XEL 
;EXEL 
;XFY 
;EXFY 
;NAW 
;SNAW 
;NBR 
;SNBR 
;NCY 
;SNCY 
;NDR 
;SNDR 
;NDX 
;SNDX 
;CRI 
;MCRI 
;CW 
;MCW 
;MCY 
;DB
;MDB 
;ABR 
;ABT 
;CAD 
;ACAD 
;CCD 
;ACCD 
;DC
;CDC
;ACDC
;HI
;AU
;EAU
;MEAU
;HFG 
;FWA 
;HFWA 
;GTY 
;HGTY 
;GV 
;HGV 
;HH 
;HHH 
;TWKS 
;WLO 
;TWLO 
;OU 
;WOU 
;TWOU 
;TWST 
;TAP 
;NTAP 
;TCO 
;NTCO 
;NTCT 
;TES 
;NTES 
;NTLA 
;TNX 
;NTNX 
;AST 
;RAST 
;FEL
;IFEL
;TIFEL
;SEMR 
;NEA 
;ENEA 
;SENEA 
;FBS 
;SFBS 
;SFIX 
;SFL 
;UL
;PUL
;LBT 
;CLBT 
;LDX 
;CLDX 
;CLF 
;LFD 
;CLFD 
;CLH 
;LNE 
;CLNE 
;PPC
;SPPC
;MAC
;YMAC
;NYMAC
;PFS 
;FSI 
;PFSI 
;GNY 
;PGNY 
;PGR 
;GRU 
;PGRU 
;DAT 
;AL
;AAL
;IAAL
;NIAAL
;QO 
;PCAT 
;PPCAT 
;HIG 
;IMX 
;HIMX 
;HIW 
;LAG 
;HLAG 
;HLF 
;AMA 
;ARO
;SNC 
;SSNC 
;SSR 
;SRM 
;SSRM 
;SSS 
;SSSS 
;SST 
;TAAR 
;STAAR 
;TAA 
;STAA 
;ULT 
;AULT 
;VAULT 
;UZ 
;CUZ 
;CVAC 
;CVB 
;VBF 
;CVBF 
;VCO 
;CVCO 
;VE 
;CVE 
;VLT 
;CVLT 
;CVNA 
;RED
;URED
;SURED
;TY
;NTY
;ANTY
;RANTY
;RID
;GRID
;NGRID
;GNC 
;AGNC 
;AGO 
;AGR 
;GRO 
;AGRO 
;TI 
;GTI 
;AGTI 
;GYS 
;AGYS 
;OMX 
;AQ 
;DAQ 
;NDAQ 
;DSN 
;NDSN 
;NEE 
;NEM 
;NEO 
;NEOG 
;UTA 
;MUTA 
;WC 
;HWC 
;HWM 
;HXL 
;YZN 
;HYZN 
;IAG 
;IART 
;AOX 
;APAM 
;APD 
;APG 
;APH 
;EIT 
;REIT 
;TLB 
;GTLB 
;GTLS 
;GTN 
;GVA 
;REX
;EVA 
;TEVA 
;TEX 
;TFC 
;TFI 
;TFIN 
;TFS 
;FSL 
;TFSL 
;QE 
;QQE 
;IQQE 
;JP
;QF 
;QQF 
;IQQF 
;QQH 
;IQQH 
;QI 
;QQI 
;IQQI 
;QP 
;QQP 
;IQQP 
;QQ 
;QQQ 
;IQQQ 
;SS
;ASS
;PASS
;MPASS
;MM 
;OMM 
;COMM 
;OMP 
;COMP 
;ONX 
;CONX 
;COO 
;OOP 
;COOP 
;LS
;ALS
;RALS
;ERALS
;CMG 
;CMI 
;CMP 
;CMPR 
;MRE 
;CMRE 
;CMS 
;CGM 
;CGNX 
;HCO 
;CHCO 
;CHD 
;HDN 
;CHDN 
;CHE 
;HEF 
;CHEF 
;LL
;JLL
;IJLL
;JEF 
;JEN 
;JHG 
;HX 
;JHX 
;JSF 
;JJSF 
;HY 
;KHY 
;JKHY 
;JKS 
;FTI 
;FCN 
;NCA 
;CNCA 
;FCNCA 
;CPT 
;FCPT 
;FCX 
;FDP 
;ALY
;EALY
;SEALY
;TOST 
;TPG 
;TPH 
;TPI 
;PIC 
;TPIC 
;TPL 
;TPR 
;PWK 
;UPWK 
;RBN 
;URBN 
;URI 
;USB 
;SFD 
;USFD 
;SANA 
;USANA 
;USNA 
;AREIT 
;DAL 
;DAN 
;DAO 
;DAR 
;DASH 
;OVA 
;NOVA 
;OVT 
;NOVT 
;NPO 
;QSE 
;NQSE 
;RDY 
;NRDY 
;UTE 
;XUTE 
;XSC 
;XXSC 
;XYL 
;LP 
;ELP 
;YELP 
;ETI 
;YETI 
;YOU 
;PF
;YPF
;VDE 
;ZPRG 
;PRR 
;ZPRR 
;PRS 
;ZPRS 
;ZS 
;ZTO 
;ZTS 
;UO 
;ZUO 
;KO 
;RKO 
;ARKO 
;PM
;GPM
;RCH 
;ARCH 
;ARCT 
;RGX 
;ARGX 
;ARM 
;IZCI
;NIZCI
;CI
;ZCI
;BFS 
;GNE 
;BGNE 
;BGS 
;BHF 
;HLB 
;BHLB 
;RUD 
;AAY
;NAAY
;DNAAY
;FP 
;ETR 
;ETRN 
;TSY 
;ETSY 
;TSZ 
;ETSZ 
;HB 
;XHB 
;EXHB 
;EXL 
;CAN
;ICAN
;RICAN
;RAN
;TRAN
;DTRAN
;DTN 
;ADTN 
;DUS 
;ADUS 
;AEE 
;EIS 
;AEIS 
;AEL 
;AEM 
;AEO 
;EVE 
;TEVE 
;STEVE 
;DDEN
;ADDEN
;SHL 
;HLS 
;SHLS 
;SHO 
;SHOO 
;HOP 
;SHOP 
;SHW 
;XLS 
;EXLS 
;EXP 
;XPE 
;EXPE 
;EXPI 
;EXPO 
;XR 
;EXR 
;FM 
;SFM 
;FNC 
;SFNC 
;GH 
;SGH 
;SGM 
;SPG 
;PGI 
;SPGI 
;PHR 
;SPHR 
;PLK 
;SPLK 
;POT 
;SPOT 
;PPY 
;SPPY 
;MDAX 
;EXSA 
;XSB 
;EXSB 
;XSH 
;EXSH 
;BAY 
;EBAY 
;EBC 
;EBO 
;AST
;ASO 
;LLC
;ASTS 
;ATEC 
;TEN 
;ATEN 
;ATEX 
;TGE 
;ATGE 
;ATHM 
;TER
;ATER
;WATER
;CVS 
;CWAN 
;CWEN 
;CWH 
;PF 
;YPF 
;YUM 
;YUMC 
;YY
;YY 
;ZAL 
;ZBH 
;UST
;RUST
;TRUST
;WSBC 
;SFS 
;WSFS 
;WSM 
;WSO 
;WTFC 
;RES
;ERES
;LERES
;CACI 
;ADE 
;CADE 
;AE
;CAE
;CAE 
;CAG 
;CAH 
;AKE 
;CAKE 
;ASY 
;CASY 
;ATY 
;CATY 
;CBL 
;BOE 
;CBOE 
;PS
;IPS
;LIPS
;ILIPS
;NJ
;INJ
;PINJ
;MPINJ
;PGT 
;PGTI 
;PHG 
;NIA 
;INIA 
;HINIA 
;HIN 
;PHIN 
;PHM 
;FID
;RFID
;SYA 
;DSYA 
;DTE 
;DTG 
;DTM 
;DUK 
;UOL 
;DUOL 
;ICS 
;LICS 
;ALICS 
;YN
;SCL 
;SCS 
;DF 
;SDF 
;DGR 
;SDGR 
;THC 
;THG 
;HRM 
;THRM 
;THS 
;IGO 
;TIGO 
;IGR 
;TIGR 
;TIM 
;IMB 
;TIMB 
;TEI 
;IUT 
;DIUT 
;UDIUT 
;YMD 
;LYMD 
;LYV 
;YYA 
;LYYA 
;EVI 
;LEVI 
;FUS 
;LFUS 
;GND 
;LGND 
;HA 
;LHA 
;LHX 
;CFG 
;CFLT 
;FR 
;CFR 
;CGC 
;AAA 
;RAAA 
;PRAAA 
;ALO 
;TALO 
;ARO 
;TARO 
;ASK 
;TASK 
;BPO
;BBK 
;TBBK 
;TBI 
;TCBI 
;CRK 
;TCRK 
;ZY
;QZY
;RQZY
;ORQZY
;LOPE 
;LOR 
;LOW 
;LPL 
;LPRO 
;RCX 
;LRCX 
;PHY
;RPHY
;MTZ 
;MU 
;FJ 
;UFJ 
;MUFJ 
;UFG 
;MUFG 
;MUR 
;URA 
;MURA 
;MUSA 
;CRH 
;CRL 
;CRM 
;RNC 
;CRNC 
;KBR 
;KDP 
;KEX 
;EY 
;KEY 
;EYS 
;KEYS 
;FRC 
;KFRC 
;ABA 
;BABA 
;BAC 
;BAH 
;BAK 
;BALL 
;ALY 
;BALY 
;AM
;HAM
;DHAM
;NDHAM
;ERN 
;WERN 
;WEX
;WEX 
;WFC 
;WFG 
;WGO 
;WGS 
;AVB 
;VGO 
;AVGO 
;VNS 
;AVNS 
;AVNT 
;AVO 
;VPT 
;AVPT 
;YR
;EYR
;REYR
;FREYR
;FRA 
;CJ 
;RCJ 
;FRCJ 
;EYR 
;REYR 
;FREYR 
;REY 
;FREY 
;RHC 
;FRHC 
;RME 
;FRME 
;RWE 
;RWT 
;RXO 
;RXRX 
;RXT 
;QM 
;SQM 
;QSP 
;SQSP 
;NCI 
;INCI 
;VINCI 
;QU 
;SQU 
;SRC 
;RCE 
;SRCE 
;ICE
;OICE
;HOICE
;HGG 
;CHGG 
;CHH 
;CHK 
;KP 
;HKP 
;CHKP 
;HPT 
;CHPT 
;RD 
;HRD 
;CHRD 
;HRW 
;CHRW 
;AIR
;LAIR
;CLAIR
;IONE 
;ZIONE 
;SAVA 
;AVE 
;SAVE 
;SBA 
;SBAC 
;BGI 
;SBGI 
;SBH 
;BOW 
;SBOW 
;SBRA 
;FAF 
;FANG 
;FAST 
;FAU 
;BIN 
;FBIN 
;TUM
;NTUM
;ENTUM
;LIN 
;LITE 
;KFN 
;LKFN 
;KQ
;LKQ
;KQ 
;LKQ 
;LLY 
;ORA 
;ORAN 
;ORCL 
;ORI 
;RLY 
;ORLY 
;SCR 
;OSCR 
;OSI 
;SIS 
;OSIS 
;CU
;OCU
;BCD 
;IBCD 
;IBCH 
;BCI 
;IBCI 
;RHM 
;RHP 
;ILY 
;RILY 
;RIO 
;IOT 
;RIOT 
;RITM 
;VIA 
;IVIA 
;PIVIA 
;FNA 
;FNB 
;FND 
;FNF 
;NKO 
;FNKO 
;NTN 
;FNTN 
;KSS 
;KTN 
;KTOS 
;KURA 
;VUE 
;KVUE 
;VYO 
;KVYO 
;IOCK 
;BIOCK 
;HRL 
;RMY 
;HRMY 
;HRT 
;SIC 
;HSIC 
;HST 
;TSN 
;TTC 
;TTD 
;TTE 
;TTEC 
;ATX 
;MATX 
;AXN 
;MAXN 
;MBC 
;MBG 
;MBIN 
;BLY 
;MBLY 
;JSC 
;PJSC 
;VN
;EVN
;UNT 
;EUNT 
;UNW 
;EUNW 
;VCM 
;EVCM 
;EVH 
;EVK 
;EVN 
;JLL 
;MIA 
;JMIA 
;NJ 
;JNJ 
;NPR 
;JNPR 
;OBY 
;JOBY 
;JOE 
;PM 
;JPM 
;WUE 
;MWE 
;EMWE 
;ENB 
;NFN 
;ENFN 
;LLC 
;NLC 
;ENLC 
;NPH 
;ENPH 
;ENR 
;ENS 
;RCF 
;RCI 
;CKT 
;RCKT 
;RCM 
;CCC 
;CCCC 
;CCS 
;CCCS 
;CCK 
;CCL 
;LEY
;ILEY
;WILEY
;WIT 
;WIX 
;WKC 
;KME 
;WKME 
;LDN 
;WLDN 
;WLK 
;WLY 
;RIM 
;PRIM 
;RMW 
;PRMW 
;PROS 
;PRU 
;RVA 
;PRVA 
;PLTR 
;LUG 
;PLUG 
;LUS 
;PLUS 
;PLXS 
;PNC 
;NFP 
;PNFP 
;IAA 
;NIAA 
;DNIAA 
;QAL
;LQAL
;ALQAL
;BEN 
;BEPC 
;ERY 
;BERY 
;FAM 
;BFAM 
;BES 
;NIT 
;UNIT 
;UNM 
;UNP 
;PBD 
;UPBD 
;UPS
;UPS 
;PST 
;UPST 
;TT
;OTT
;OSK 
;OTEX 
;TIS 
;OTIS 
;OTTR 
;OUT 
;OVV 
;OWL 
;ENE 
;XENE 
;EON 
;XEON 
;ESC 
;XESC 
;GIN 
;XGIN 
;IPG 
;PGP 
;IPGP 
;IPI 
;YI
;IYI
;QIYI
;QQO 
;IQQO 
;IVR 
;IVZ 
;ACK 
;JACK 
;AMF 
;JAMF 
;AZZ 
;JAZZ 
;JBG 
;MITH 
;SMITH 
;JBGS 
;HMN 
;HMY 
;HNI 
;OLX 
;HOLX 
;LAN 
;ELAN 
;LCR 
;ELCR 
;ELF 
;ELV 
;MCOR 
;EMCOR 
;EME 
;MC
;AMC
;KS
;RKS
;ORKS
;WORKS
;ALV 
;AMAT 
;MBA 
;AMBA 
;AMC 
;AMCR 
;MCX 
;AMCX 
;SOD 
;ISOD 
;ISOE 
;SOR 
;ISOR 
;GABC 
;GATX 
;GBCI 
;BDC
;GBDC 
;GBF 
;GBTG 
;NAIR 
;KNX 
;KOS 
;PLT 
;KPLT 
;KRC 
;KRR 
;EON
;LEON
;ALEON
;HLI 
;LIO 
;HLIO 
;HLN 
;HLT 
;HMC 
;HMI 
;ELUS 
;TELUS 
;IXT 
;TIXT 
;JX 
;TJX 
;KA 
;TKA 
;TKO 
;TKR 
;LRY 
;TLRY 
;TLX 
;NAA 
;QNAA 
;AQNAA 
;MSC
;LER
;TLER
;TTLER
;MSC 
;MSM 
;MSTR 
;TB 
;MTB 
;TCH 
;MTCH 
;MTD 
;CD
;INCY 
;NDB 
;INDB 
;NDI 
;INDI 
;NFA 
;INFA 
;INFN 
;NFY 
;INFY 
;NGR 
;INGR 
;RIA 
;KRIA 
;IKRIA 
;LCT 
;ILCT 
;LILCT 
;AEP 
;AER 
;AES 
;AFG 
;AFL 
;FRM 
;AFRM 
;MMM 
;IMM 
;UIMM 
;IMT 
;UIMT 
;CMCI 
;QK 
;IQK 
;UIQK 
;ULCC 
;LTA 
;ULTA 
;BEF 
;MBEF 
;UMBEF 
;NER
;NNER
;BAM 
;ANC 
;BANC 
;BANF 
;ANR 
;BANR 
;BAP 
;ASF 
;BASF 
;BAS 
;ASE 
;BASE 
;ALM 
;OCK
;ROCK
;KROCK
;LDP 
;BLDP 
;LDR 
;BLDR 
;BLK 
;LKB 
;BLKB 
;BLMN 
;LNK 
;BLNK 
;BMA 
;ARN 
;AARN 
;ATI 
;TIP 
;ATIP 
;ATKR 
;ATO 
;ATR 
;TRC 
;ATRC 
;LRN 
;SCC 
;LSCC 
;SPD 
;LSPD 
;LSTR 
;LTH 
;RNES
;ARNES
;PLC 
;AZN 
;ZO 
;AZO 
;ZPN 
;AZPN 
;LLO 
;ALLO 
;LLT 
;ALLT 
;ALLY 
;LNY 
;ALNY 
;LRM 
;ALRM 
;LSN 
;ALSN 
;ALTR 
;WOW 
;WPC 
;WRB 
;RBY 
;WRBY 
;WRK 
;RLD 
;WRLD 
;IXA 
;AIXA 
;IZ 
;AIZ 
;JG 
;AJG 
;KAM 
;AKAM 
;KRO 
;AKRO 
;ALB 
;IAE
;WIAE
;SION
;ISION
;XXW 
;EXXW 
;YE 
;EYE 
;WIN 
;OXM 
;XY 
;OXY 
;ZK 
;OZK 
;ZON 
;OZON 
;YTEC 
;LYTEC 
;PAN 
;AAS 
;PAAS 
;INT
;PINT
;KH 
;BKH 
;KKT 
;BKKT 
;BKNG 
;BKU 
;BLD 
;SYY 
;TAK 
;TAL 
;TALK 
;VIA
;OVIA
;IOVIA
;QW 
;QQW 
;IQQW 
;QQY 
;IQQY 
;QVIA 
;IQVIA 
;QV 
;IQV 
;RBT 
;IRBT 
;RDM 
;IRDM 
;IRM 
;OBO 
;ROBO 
;RT
;IRT
;ROB 
;IROB 
;IRWD 
;SOC 
;ISOC 
;FSR 
;FSS 
;SV 
;FSV 
;FTDR 
;FMC
;IRO 
;GIRO 
;EGIRO 
;FTK 
;MLNK 
;MMC 
;MMI 
;MMS 
;MMSI 
;MMYT 
;NDY 
;MNDY 
;GOL 
;GOLD 
;GOLF 
;OOG 
;GOOG 
;OGL 
;OOGL 
;GOOGL 
;OOS 
;GOOS 
;GPC 
;XCA 
;DDX 
;XDDX 
;DEB 
;XDEB 
;DEM 
;XDEM 
;WTM 
;TRG 
;WTRG 
;WTS 
;WWD 
;ZA
;FHB 
;HN 
;FHN 
;IBK 
;FIBK 
;FICO 
;IGS 
;EIGS 
;FAVE 
;ASM 
;AVS 
;AVT 
;VTA 
;AVTA 
;AVTR 
;AVY 
;WI 
;AWI 
;KRG 
;KRNT 
;KROS 
;RRO 
;KRRO 
;KRTX 
;RYS 
;KRYS 
;TPX 
;REX 
;TREX 
;RGP 
;TRGP 
;RIP 
;TRIP 
;RMB 
;TRMB 
;NAOS
;ODP 
;EMA 
;OEMA 
;EWA 
;OEWA 
;OFLX 
;OGE 
;OGN 
;ONE 
;OGS 
;QQA 
;IQQA 
;QB 
;QQB 
;IQQB 
;QC 
;QQC 
;IQQC 
;QQD 
;IQQD 
;ZLAB 
;ZM 
;HYY 
;NHYY 
;ZNHYY 
;NTL 
;ZNTL 
;PRC 
;ZPRC 
;DDD 
;IDDD 
;SMA 
;AFE 
;SAFE 
;AFT 
;SAFT 
;AGE 
;SAGE 
;SAH 
;CRN 
;CCRN 
;CCU 
;CDAY 
;CDE 
;EW
;EEW
;BEEW
;FIGS 
;AI 
;TAI 
;FTAI 
;FIP 
;FIS 
;ITB 
;FITB 
;IVE 
;FIVE 
;FIVN 
;PRX 
;CPRX 
;ANE
;RANE
;CRANE
;CRCT 
;DO 
;RDO 
;CRDO 
;DO
;EDO
;REDO
;CREDO
;RGY 
;CRGY 
;RH
;CRH
;WHD 
;WHR 
;WIB 
;WING 
;IRE 
;WIRE 
;WISH 
;LO
;LLO
;OLLO
;POLLO
;PLE 
;APLE 
;PLS 
;APLS 
;APO 
;POG 
;APOG 
;APP 
;PPF 
;APPF 
;TDY 
;TEAM 
;ECH 
;TECH 
;TECK 
;TAG 
;TEG 
;TEL 
;TENB 
;ANQ 
;TED
;ITED
;NITED
;NILY 
;UNILY 
;UA 
;UAA 
;UAL 
;BER 
;UBER 
;UBSI 
;BRE 
;CBRE 
;BRL 
;CBRL 
;BSH 
;CBSH 
;CBT 
;BU 
;CBU 
;XVM 
;EXVM 
;XXT 
;EXXT 
;NIA
;ENIA
;XENIA
;GLE 
;XGLE 
;XGN 
;GSD 
;XGSD 
;XHR 
;ITS
;CITS
;UCITS
;HYA 
;XHYA 
;PNM 
;ODD 
;PODD 
;OOL 
;POOL 
;POST 
;OWI 
;POWI 
;MIT
;MMIT
;UMMIT
;STT 
;TVN 
;STVN 
;STX 
;STZ 
;SUI 
;SUM 
;TFX 
;TGI 
;GLS 
;TGLS 
;GNA 
;TGNA 
;EES 
;HEES 
;HEI 
;HELE 
;HES 
;EXO
;HEXO
;ENT
;IENT
;SIENT
;MU
;EMU
;URO
;EURO
;SXRT 
;SXT 
;PVN 
;NBT 
;BTB 
;NBTB 
;BTK 
;NBTK 
;NCLH 
;NCNO 
;NDA 
;HRS 
;GHRS 
;CGI
;GIB 
;GIL 
;ILD 
;GILD 
;RI
;TRI
;ETRI
;PETRI
;PUM 
;UMP 
;PUMP 
;PVH 
;WSC 
;PWSC 
;NC
;INC
;PXD 
;MENT
;TMENT
;RBR 
;BRBR 
;BRC 
;RDG 
;BRDG 
;BRF 
;RFS 
;BRFS 
;EK
;TEK
;STL 
;CSTL 
;STM 
;CSTM 
;CSW 
;SWI 
;CSWI 
;SX
;CSX
;CSX 
;TAS 
;CTAS 
;TKB 
;CTKB 
;TLT 
;CTLT 
;POT
;EPOT
;DEPOT
;ABI 
;OABI 
;OBDC 
;OBK 
;CFC 
;OCFC 
;DFL 
;ODFL 
;ROO 
;ROP 
;ROST 
;RPD 
;RPM 
;RPRX 
;CSI 
;QFI 
;RQFI 
;NRO 
;MNRO 
;MNST 
;MNTK 
;NTS 
;MNTS 
;MNY 
;DS
;ADS
;TTT 
;ITTT 
;UITTT 
;VS
;YVS
;WMB 
;WMG 
;MIN 
;WMIN 
;WMK 
;WMS 
;ATRA 
;BATRA 
;TRK 
;ATRK 
;BATRK 
;BAX 
;AYN 
;BAYN 
;BVA 
;BBVA 
;BAR 
;BBAR 
;ITIS 
;NITIS 
;NO
;MNO
;VBTX 
;VC 
;VCEL 
;CTR 
;VCTR 
;CYT 
;VCYT 
;VECO 
;FAS
;CHS 
;CHT 
;HTR 
;CHTR 
;HWY 
;CHWY 
;CHX 
;RSON
;ERSON
;AAY 
;YAAY 
;RYAAY 
;YAN 
;RYAN 
;YI 
;RYI 
;RYN 
;YTM 
;RYTM 
;YZB 
;RYZB 
;WICK
;SWICK
;BBD 
;BBIO 
;BWI 
;BBWI 
;BBY 
;BCC 
;BCE
;BCE 
;KSI 
;MKSI 
;KTX 
;MKTX 
;LCO 
;MLCO 
;MLI 
;KN
;LKN
;MLKN
;MLM 
;UTU 
;FUTU 
;VRR 
;FVRR 
;ONK 
;WONK 
;FWONK 
;RTY
;ERTY
;BERTY
;WRD 
;FWRD 
;WRG 
;FWRG 
;FYBR 
;IONIS
;IP
;NVA 
;INVA 
;NVH 
;INVH 
;ONS 
;IONS 
;IPAR 
;HIA
;THIA
;ITHIA
;ONE
;TONE
;STONE
;LAC 
;LAD 
;LAMR 
;LANC 
;AND 
;LAND 
;AUR 
;LAUR 
;UTI 
;PTEN 
;TLO 
;PTLO 
;TON 
;PTON 
;TRCY 
;PTRCY 
;TVE 
;PTVE 
;UBM 
;PUBM 
;SLP 
;LVM 
;SLVM 
;SMAR 
;MCI 
;SMCI 
;SMFG 
;GEA 
;VGEA 
;GEB 
;VGEB 
;GEK
;VGEK
;GEM 
;VGEM 
;QNST 
;QRHC 
;QSV 
;NON 
;DSE
;PDSE
;EBK 
;PEBK 
;PEBO 
;RYA 
;FRYA 
;FSBC 
;BW 
;SBW 
;FSBW 
;SIG
;PSIG
;FSE 
;FSF 
;OEN
;EOEN
;NEOEN
;IOS
;DIOS
;UDIOS
;YPS 
;MYPS 
;ZX 
;MZX 
;NIN 
;NAQ 
;MD
;ZMD
;XZMD
;ME
;ZME
;XZME
;ZMU 
;XZMU 
;SP
;ZSP
;XZSP
;WE
;ZWE
;XZWE
;WG
;ZWG
;XZWG
;MAMA 
;VER
;AR
;LAR
;LLAR
;OLLAR
;RAL
;ERAL
;NERAL
;NAT 
;UNAT 
;MUNAT 
;FOP
;DFOP
;DFTK 
;FV 
;DFV 
;GICA 
;DGICA 
;ICB 
;GICB 
;DGICB 
;RU
;GRU
;WGRU
;WHF 
;WHG 
;FO
;EFO
;UEFO
;BSS 
;JBSS 
;TM
;BTM
;JBTM
;CNY 
;HA
;CHA
;JCHA
;CAV 
;ICAV 
;HE
;CHE
;JCHE
;LM
;ELM
;WELM
;LN
;ELN
;WELN
;LP
;ELP
;WELP
;LQ
;ELQ
;WELQ
;INA
;FINA
;OFINA
;OVH 
;USH 
;VMH 
;LVMH 
;UQ 
;BUQ 
;CBUQ 
;BUS 
;CBUS 
;UV
;BUV
;CBUV
;SRI
;UY
;BUY
;CBUY
;IZ
;BIZ
;CBIZ
;CBZ 
;CAP 
;CCAP 
;CCB 
;IRY 
;WIRY 
;DAIS
;REO 
;MREO 
;MRKR 
;MRP 
;RTA 
;MRTA 
;BHR 
;BHRB 
;HVN 
;BHVN 
;IF 
;BIF 
;RDF 
;CRDF 
;CIF 
;ACIF 
;SACIF 
;ESY 
;RESY 
;CRESY 
;ARGO 
;CARGO 
;GRNT 
;GRP 
;RVY 
;GRVY 
;GSAT 
;GSBC 
;GESCO 
;MAE
;XMAE
;XMAS 
;KA
;CKA
;ACKA
;RACKA
;USIA
;VUSIA
;SIA
;RELI 
;RELL 
;ELX 
;RELX 
;REP 
;YCO
;EYCO
;WEYCO
;YCO 
;EYCO 
;WEYCO 
;WEYS 
;WFA 
;ECE 
;WECE 
;SET 
;BSET 
;ERI
;DERI
;RQ
;RR
;DAC 
;AKT 
;DAKT 
;TP
;STP
;USTP
;UE
;SUE
;USUE
;SUP
;USUP
;AQQ 
;EQ 
;PSE 
;RFO
;VM
;TVM
;BVA
;BBVA
;BAI 
;BBAI 
;IAR 
;EIAR 
;OYY
;JOYY
;PBM
;JPBM
;PCE
;JPCE
;GD
;PGD
;JPGD
;FAT 
;IFAT 
;VIFAT 
;EEY
;NEEY
;INEEY
;JAP
;HJAP
;HLIT 
;LIC
;BLIC
;UBLIC
;RBB 
;BBN 
;RBBN 
;CAA 
;BCAA 
;RBCAA 
;BKB 
;RBKB 
;BRK 
;RBRK 
;SRTS 
;SGA 
;SSGA 
;SD
;USD
;SBI 
;SSBI 
;SBK 
;SSBK 
;CMPS 
;CMT 
;BAL
;OBAL
;LOBAL
;BAL 
;OBAL 
;LOBAL 
;NCO
;INCO
;BWG
;BWIN 
;WMN 
;BWMN 
;YS
;SYS
;MREP 
;AMREP 
;AXR 
;XSM 
;AXSM 
;LMB 
;HVAC 
;MNR 
;LMNR 
;TH
;MTH
;LMTH
;ORDEN
;OUP 
;ROUP 
;GROUP 
;GOGL 
;OGO 
;GOGO 
;OTU 
;GOTU 
;NAGE 
;AMS 
;NAMS 
;NATH 
;NATR 
;GB
;IGB
;VIGB
;VIB 
;IK 
;VIK 
;NIX
;INIX
;VINIX
;INP 
;VINP 
;IRMD 
;RON 
;IRON 
;ROQ 
;IROQ 
;IRS 
;HZO 
;IAC 
;EA
;AEA
;IAEA
;FAA 
;RST 
;IRST 
;FIRST 
;CAP
;LUE
;ALUE
;VALUE
;FAB
;EU
;AEU
;FAEU
;IER
;MIER
;EMIER
;IPER 
;PIPER 
;DLER
;NDLER
;IMCO 
;PIMCO 
;MCO
;IMCO
;PIMCO
;RTF
;ARTF
;SR
;JSR
;PJSR
;JT 
;PJT 
;EFS 
;UEFS 
;BBB 
;EFY 
;UEFY 
;EZ
;IEZ
;EIEZ
;IEIEZ
;UEIC 
;QC
;EQC
;UEQC
;UHI
;EUHI
;UNO 
;EUNO 
;PD
;DPD
;XDPD
;PE
;DPE
;XDPE
;XDUK 
;DWC 
;XDWC 
;ICITS 
;BY
;EBY
;CEBY
;CEC 
;CECO 
;CEK 
;ELC 
;CELC 
;UINF 
;QL
;IQL
;UIQL
;UIS 
;TAGE 
;NTAGE 
;PR
;IGA
;IGIC 
;HGEA 
;MBERG
;RG
;ERG
;BERG
;BLE
;ABLE
;NABLE
;GATE 
;EGATE 
;EAR
;YEAR
;OND 
;BOND 
;GGA
;HGGA
;TYV 
;CTYV 
;LCTYV 
;DAY
;LRS 
;ALRS 
;ALT 
;LTG 
;ALTG 
;LVO 
;ALVO 
;LXA 
;ALXA 
;WORLD
;LD
;RLD
;ORLD
;MATE 
;IMATE 
;NED
;GNED
;IGNED
;AW
;PAW
;HPAW
;PHA 
;HPHA 
;HQI 
;BUT 
;UBUT 
;UBUV
;UW
;BUW
;UBUW
;UX
;BUX
;UBUX
;CB
;UCB
;RBH 
;CRBH 
;ICRBH 
;UFI 
;MA
;FMA
;UFMA
;MB
;FMB
;UFMB
;UFP 
;FPT 
;UFPT 
;DUO 
;TOUT 
;HC
;GBI 
;DGED
;EDGED
;GED
;HD
;HV
;AEVA 
;AEYE 
;FBI 
;AFBI 
;FIA
;AFIA
;CAC 
;IH
;FIH
;AFIH
;KLM 
;MS
;AMS
;IAMS
;LIAMS
;OMA
;NOMA
;ONOMA
;SOB 
;WSOB 
;WSU 
;TDA 
;JTDA 
;AJTDA 
;IVU 
;WLE
;IWLE
;IXX 
;ERYS 
;MERYS 
;ANN 
;IRE
;PIRE
;MPIRE
;OSE 
;EOSE 
;SSA 
;ESSA 
;PIX 
;EPIX 
;EPM 
;VDI 
;YVOA
;VOA
;IMP 
;UIMP 
;IMR 
;UIMR 
;MSCI
;SCI
;IMS
;UIMS
;IMY
;UIMY
;ATA
;VATA
;NENI 
;PNENI 
;MN
;WMN
;UWMN
;TION
;UTION
;SRG
;ASRG
;ASRI 
;IBAS 
;RIBAS 
;SRN
;ASRN
;ATION
;RP
;SRP
;ASRP
;SRQ
;ASRQ
;OW
;NSX 
;LNSX 
;OAR 
;LOAR 
;LOCO 
;UO
;RGN 
;URGN 
;RNU 
;URNU 
;SAU 
;USAU 
;SCB 
;USCB 
;OA 
;NOA 
;ODK 
;NODK 
;RMA 
;ORMA 
;NORMA 
;EJ 
;OEJ 
;NOEJ 
;NOK 
;HMG 
;CHMG 
;HSA
;CHSA
;HSR
;CHSR
;JA
;NJA
;INJA
;NINJA
;MTI 
;SMTI 
;MID 
;SMID 
;MTV
;SMTV
;WEB 
;MWEB 
;SMWEB 
;TIPS
;IUP
;TIUP
;TKC 
;CIT 
;UCIT 
;CTB 
;CWI
;ACWI
;OUU 
;LSI 
;TLSI 
;TLYS 
;TMCI 
;PAB 
;PBK 
;OPBK 
;AUO 
;DAUO 
;DAVE 
;EDY 
;NEDY 
;NNEDY 
;AMO 
;KW 
;KHD 
;KWG 
;KWS 
;SAAT 
;URA
;KURA
;KRUS 
;KRX 
;RZ 
;KRZ 
;SB
;KSB
;KSB 
;KPS 
;KSC 
;KT
;BRY 
;BSBK 
;RDS
;ARDS
;GE
;RGE
;DRGE
;DRH 
;DRS 
;PZS 
;BTS 
;QBTS 
;QCR 
;QCRH 
;RMI 
;CRMI 
;ACRMI 
;CT
;VLI 
;CVLI 
;VRX 
;CVRX 
;WBC 
;CWBC 
;JU 
;IJU 
;LPT 
;ILPT 
;ARES
;MCS 
;FAIS
;VSE 
;AVSE 
;DT
;ADT
;ADT 
;ADV 
;DVM 
;ADVM 
;UAO 
;SUAO 
;UPN 
;SUPN 
;SUR 
;ACO 
;VACO 
;LVACO 
;SVCO 
;LAKE 
;ARK 
;LARK 
;EH
;YEH
;JYEH
;MR
;OMR
;KOMR
;DEE 
;XDEE 
;DEP 
;XDEP 
;DEQ 
;XDEQ 
;SDG 
;LPS 
;ALPS 
;TOR 
;CTOR 
;ECTOR 
;OG
;DOG
;IDOG
;IDR 
;PAC
;SPAC
;AAQ 
;II
;AACT 
;AAD 
;AAG 
;MI
;AMI
;AAMI
;FA
;LFA
;ELFA
;FB
;LFB
;ELFB
;ELG 
;ELLO 
;LMD 
;ELMD 
;LME 
;ELME 
;SETF 
;TSETF 
;IEUR 
;IIEUR 
;YRAD
;FOD 
;LFOD 
;FST 
;LFST 
;FVN 
;LFVN 
;IMA
;GZ 
;OGZ 
;DOGZ 
;OLE 
;DOLE 
;DOMO 
;BRP
;AREIT
;PED 
;OPED 
;LOPED 
;ZL
;ZN
;AZY
;HAZY
;JAPAN
;PAN
;APAN
;NABLE 
;ITY
;UITY
;QUITY
;XXU 
;EXXU 
;XV 
;XXV 
;EXXV 
;XXX
;EXXX
;VV
;VVV
;CVVV
;STA 
;ESTA 
;SWB 
;ESWB 
;DD
;TDD
;ETDD
;ETG 
;OTY
;COTY
;WMV 
;EINS 
;VEINS 
;VU
;ARTF 
;VR
;OVR
;COVR
;COYA 
;KARO 
;KBX 
;KONE 
;KCO 
;UTX 
;NUTX 
;UVB 
;NUVB 
;UVL 
;NUVL 
;VCT 
;NVCT 
;LSE 
;PLSE 
;LYA 
;PLYA 
;ORES
;MORES
;UD
;AUD
;JAUD
;UH
;AUH
;JAUH
;AUS
;JAUS
;MESG 
;PMESG 
;EMU 
;BEM 
;JBEM 
;IRG 
;ML
;EML
;XEML
;EMN
;XEMN
;EOD 
;XEOD 
;DA
;DDA
;EDDA
;YEDDA
;QON 
;IQON 
;AIQON 
;QAG 
;LQAG 
;QDA 
;LQDA 
;LRC 
;RMR 
;LRMR 
;LONE 
;ALONE 
;CIX 
;KPT 
;CKPT 
;LAR 
;CLAR 
;SXD 
;XSXD 
;XE
;SXE
;XSXE
;TIPS 
;TIP
;XTIP
;TP 
;XTP 
;PDR
;SPDR
;YBJ 
;SYBJ 
;YBM 
;SYBM 
;BV
;YBV
;SYBV
;ZIA 
;IZIA 
;RIZIA 
;PAT 
;AUE
;PAUE
;UJ 
;AUJ 
;PAUJ 
;PAUS
;HAUS
;RHAUS
;ARE 
;ARES 
;RHS 
;ARHS 
;RIS 
;ARIS 
;OED
;MOED
;OEU
;MOEU
;OFG 
;MOFG 
;GNI 
;MGNI 
;GTX 
;MGTX 
;SEC 
;PSEC 
;OHEN 
;COHEN 
;FER 
;EFER 
;REFER 
;SF
;PSF
;SFE 
;PSFE 
;RIG 
;URIG 
;EURIG 
;PSG 
;PSM 
;ACEL 
;YPD
;LYPD
;YPE
;LYPE
;LYPS 
;IODK 
;BT
;CBT
;TCBT
;CBX 
;TCBX 
;CMD 
;TCMD 
;CRS
;TCRS
;CAR
;TCAR
;HTCAR
;CA
;ICA
;RICA
;ERICA
;RAIL 
;RARE 
;OSS
;BOSS
;DMC 
;OOM
;BOOM
;BOP 
;BORR 
;DWD 
;MDWD 
;DXG 
;MDXG 
;TOR
;CTOR
;ACTOR
;UB
;BUB
;CBUB
;UC
;BUC
;CBUC
;BUD
;CBUD
;BUE 
;CBUE 
;NAG 
;INAG 
;TINAG 
;GW 
;TGW 
;STGW 
;TKL 
;STKL 
;NL
;ONL
;AONL
;QAONL
;PNRG 
;PNTG 
;PNW 
;OET 
;POET 
;SGC 
;OTT 
;ROTT 
;PROTT 
;OLD
;GOLD
;ERS 
;NERS 
;INERS 
;DJ
;GDJ
;SGDJ
;GHC 
;SGHC 
;GHT 
;SGHT 
;SGI
;SGL 
;OX
;BOX
;ABOX
;TABOX
;BNK 
;VBNK 
;VBX 
;PMC
;JPMC
;ERS
;GR
;PGR
;JPGR
;GED 
;DGED 
;EDGED 
;PNE
;JPNE
;PA
;PPA
;JPPA
;PPS
;JPPS
;LU
;ELU
;WELU
;LW
;ELW
;WELW
;LX
;ELX
;WELX
;ELY
;WELY
;BKD 
;KHT 
;BKHT 
;NZ 
;ANZ 
;NANZ 
;INANZ 
;MVT 
;IMVT 
;XI 
;MXI 
;IMXI 
;OB
;NOB
;INOB
;NBK 
;INBK 
;RBI 
;RRBI 
;RGB 
;RRGB 
;GAU 
;CGAU 
;CGB
;REE 
;JREE 
;JREG 
;EI
;REI
;JREI
;HNO
;REU 
;JREU 
;EC
;ZEC
;XZEC
;EG
;ZEG
;XZEG
;ZEM 
;XZEM 
;EP
;ZEP
;XZEP
;UESG 
;MUESG 
;ZEZ
;XZEZ
;BO
;IBO
;CIBO
;IFR 
;CIFR 
;AGA
;JAGA
;AGE
;JAGE
;GG
;AGG
;JAGG
;KKS 
;AKKS 
;JAKKS 
;KK 
;AKK 
;JAKK 
;JAME 
;XNM 
;TXNM 
;IE
;XIE
;EXIE
;XK 
;EXK 
;XPD 
;EXPD 
;FVT 
;XFVT 
;RF
;YL
;FLG 
;FLIC 
;FLL 
;PAS 
;SSE
;MJ
;DMJ
;EDMJ
;DMU 
;EDMU 
;DMW 
;EDMW 
;DRY 
;EDRY 
;LIS
;ELIS
;OELIS
;BWN 
;MBWN 
;CBS 
;MCBS 
;CHA 
;MCHA 
;IES 
;TIES 
;FCAP 
;CBC 
;FCBC 
;FCC 
;FCCO 
;FLS 
;LUT 
;FLUT 
;LWS 
;FLWS 
;WBK 
;HWBK 
;KN 
;WKN 
;HWKN 
;XCK 
;HXCK 
;YLN 
;HYLN 
;PDF 
;ZPDF 
;DH
;PDH
;ZPDH
;PDU 
;ZPDU 
;PDW
;ZPDW
;DX
;PDX
;ZPDX
;TSI 
;VTSI 
;TVT 
;VTVT 
;VUAA 
;UCE
;VUCE
;UCP 
;VUCP 
;UKE 
;VUKE 
;DY
;PEA 
;SIT
;LSIT
;TMD 
;UTMD 
;UUU 
;UUUU 
;UVE 
;VSP 
;UVSP 
;UWM 
;WMC 
;UWMC 
;CIC 
;ACIC 
;IU 
;CIU 
;ACIU 
;SGPS 
;ACJ 
;CLE
;ACLE
;CLT
;ACLT
;EPRA
;AJ 
;AK
;SWC 
;CSWC 
;ANT 
;PANT 
;CTBI 
;ORE 
;NTB 
;CLMB 
;CLPT 
;LSK 
;CLSK 
;CLW 
;HM
;CHM
;LCHM
;CNB 
;LCNB 
;CUJ 
;LCUJ 
;UK
;CUK
;LCUK
;AILY 
;DAILY 
;PEX 
;APEX 
;NNBR 
;SV
;MAC 
;MACK 
;IOUT 
;SEBC 
;SECO 
;EER 
;SEER 
;SEG
;ERNS
;TERNS
;RNS
;NOS
;ONOS
;SONOS
;ONY
;SONY
;SOL 
;OLV 
;SOLV 
;OUN 
;SOUN 
;XHF 
;EXHF 
;TGV 
;HG
;XHG
;EXHG
;XIO
;EXIO
;SLI 
;CHF 
;NH
;NGS 
;GVC 
;NGVC 
;HTC 
;NHTC 
;VLRS 
;LUS
;VLUS
;MEO 
;VMEO 
;COR
;CCOR
;ACCOR
;ACNB 
;NEB 
;CNEB 
;ACNEB 
;CNT 
;ACNT 
;ACR 
;CRV 
;ACRV 
;CSP 
;SPI 
;CSPI 
;CSTE 
;CUN 
;MEI
;AMEI
;MEL 
;AMEL 
;MEQ 
;AMEQ 
;BEX 
;IBEX 
;MES
;AMES
;SPP 
;PPD
;SPPD
;PPE
;SPPE
;ASB
;SASB
;PQ
;PPQ
;SPPQ
;PU 
;PPU 
;SPPU 
;FLI 
;PFLI 
;PFV 
;PFX 
;PGC 
;EWBC 
;QA
;WQA
;EWQA
;EWTX 
;HLX 
;MSB 
;HMSB 
;HMST 
;YO
;CYO
;PCYO
;PCZ 
;PDEX 
;PDFS 
;GAN
;RGAN
;ORGAN
;PVE
;JPVE
;RDC
;JRDC
;REA
;JREA
;REB 
;JREB 
;VPG 
;VRA 
;VRDN 
;VREX 
;VRL 
;FU
;UIU 
;CUIU 
;BCY 
;IBCY 
;BCZ 
;IBCZ 
;LR
;SXI 
;XRG
;SXRG
;RUD
;ERUD
;LERUD
;NCL 
;INCL 
;DINCL 
;BNF 
;RAIN 
;BRAIN 
;BNN 
;BNT 
;URS 
;VWR 
;LVWR 
;WAY 
;LWAY 
;XEO 
;LXEO 
;XFR 
;LXFR 
;PADS 
;PPADS 
;KLO 
;OKLO 
;LMA 
;OLMA 
;YBZ 
;SYBZ 
;YM 
;SYM 
;YRE 
;SYRE 
;WLD
;DWLD
;VFL 
;BVFL 
;BVS 
;ADH
;SADH
;SADM 
;DU
;ADU
;SADU
;VER 
;EVER 
;EVO 
;QG 
;QQG 
;IQQG 
;QQK 
;IQQK 
;QQM 
;IQQM 
;QQN 
;IQQN 
;CSS 
;PCSS 
;UPCSS 
;UTT
;UUTT
;UUUTT
;RHK 
;HLD 
;RHLD 
;DP
;NBN 
;ACCO 
;NACCO 
;GLAD 
;LDD 
;GLDD 
;LJ 
;GLJ 
;GLNG 
;EXSC 
;XSE 
;EXSE 
;CWI 
;ACWI 
;SCA 
;ESCA 
;SEA 
;ESEA 
;SEH 
;ESEH 
;UBK 
;UJ
;BUJ
;UBUJ
;BUM 
;UBUM 
;YX
;VYX
;YGR 
;VYGR 
;DCO 
;DCS 
;CTH 
;DCTH 
;BL
;GBL
;UY 
;VUY 
;OVUY 
;OLCIT 
;BE
;ABE
;EABE
;AH
;EAH
;UEC 
;AIRO 
;TXS 
;ATXS 
;TYR 
;ATYR 
;UDC 
;AUDC 
;BEG
;BBEG
;BLL 
;BBLL 
;BBSI 
;TR
;BTR
;BBTR
;UC 
;BUC 
;BBUC 
;GLSI 
;DMRC 
;MYY 
;DMYY 
;TLC 
;ATLC 
;ATLO 
;TMU 
;ATMU 
;ATN 
;TNI 
;ATNI 
;TNM 
;ATNM 
;HROW 
;RPK 
;HRPK 
;RTG 
;HRTG 
;HRZ 
;RZA 
;HRZA 
;AAB
;SAAB
;SEQ 
;EAA
;SEAA
;EAB
;SEAB
;URB 
;CURB 
;CURI 
;TRQ
;UTRQ
;CUTRQ
;YERS
;OYERS
;BB
;IBB
;EIBB
;GC
;IGC
;EIGC
;JAH 
;EJAH 
;JAP 
;EJAP 
;TOAN 
;ATOAN 
;QV
;EQV
;UEQV
;ETO
;UETO
;ETS
;UETS
;ETC 
;UETC 
;AACR 
;UN
;UNC 
;FUNC 
;FUSB 
;FUSD
;SU
;USU
;FUSU
;VCB 
;FVCB 
;MVB 
;MVBF 
;VEE
;MVEE
;WBO 
;MWBO 
;WOE
;MWOE
;WEH 
;XWEH 
;EQ
;WEQ
;XWEQ
;WEU
;XWEU
;HEUR
;CHEUR
;AV
;CAV
;ICAV
;ASDAQ 
;RGING
;ING
;GING
;KET 
;RKET 
;ARKET 
;UITY 
;QUITY 
;BGC 
;GLA 
;BGLA 
;GPA 
;BGPA 
;GSF
;BGSF
;GSF 
;BGSF 
;ETRA 
;TETRA 
;AKKT 
;TAKKT 
;TTK 
;ATE
;RATE
;VAN
;ZEN 
;NZEN 
;NNZEN 
;CKY 
;RCKY 
;RCMN 
;RCMT 
;RCRS 
;RCZ 
;EO
;GEO
;AGEO
;IAGEO
;LG
;ELG
;DELG
;DENN 
;ESP 
;DESP 
;TZ
;UTZ
;EUTZ
;DEUTZ
;EZ 
;DEZ 
;CZA 
;OCZA 
;ODC 
;OEC 
;BTA
;TBT 
;BTBT 
;BTDR 
;BTMD 
;PPP 
;HIVE 
;OUTIL 
;IWE 
;HEE 
;SHEE 
;AOR
;NING 
;ANING 
;CII
;CCII
;ICCII
;WA
;SWA
;ASWA
;SWE
;ASWE
;SYS 
;ASYS 
;ATAI 
;TAT 
;ATAT 
;XNC 
;FXNC 
;YB 
;FYB 
;EM
;YEM
;FYEM
;TEX
;VTEX
;VTEX 
;TFN 
;VTFN 
;GX
;MGX
;TMGX
;VTMGX
;CYD 
;CYR 
;ZFS 
;CZFS 
;ZNC 
;CZNC 
;PAMS 
;FPAMS 
;DIT
;ODIT
;MODIT
;AHC 
;PAHC 
;PAL 
;PAMT 
;ANL 
;PANL 
;FF
;DOO
;VSI 
;GNK 
;GNN 
;GNSS 
;NTY 
;GNTY 
;TOG 
;YTOG 
;VYTOG 
;IMB
;UIMB
;ROV 
;PROV 
;URS
;SURS
;RSURS
;RQR 
;PRQR 
;RSU 
;PRSU 
;PRTA 
;RTH 
;PRTH 
;CSC 
;SCSC 
;CVL 
;SCVL 
;SDA 
;BCF 
;SBCF 
;BFG 
;SBFG 
;BIM
;SBIM
;MPY 
;AMPY 
;FK 
;IEMU 
;CIEMU 
;TI
;REV 
;VG 
;EVG 
;REVG 
;REXR 
;MID
;AMID
;RAMID
;OYN 
;MOYN 
;GESG 
;IGESG 
;MIG
;EMIG
;EML 
;AAS
;ZVRA 
;ZWS 
;YME 
;ZYME 
;YXI 
;ZYXI 
;RAR 
;YSX
;LYSX
;YTR 
;LYTR 
;YTS 
;LYTS 
;UOE
;IUOE
;UHE
;IUHE
;UME
;IUME
;IUR 
;CITC 
;ICITC 
;EIMP 
;PEIMP 
;GQI 
;LGQI 
;QJ
;GQJ
;LGQJ
;QM
;GQM
;LGQM
;WS
;GWS
;LGWS
;WT
;GWT
;LGWT
;NDU
;INDU
;NDV 
;INDV 
;FU 
;NFU 
;INFU 
;NGM 
;INGM 
;NGN 
;INGN 
;PYH 
;SPYH 
;IMI
;YJ 
;PYJ 
;SPYJ 
;PYQ 
;SPYQ 
;PYR 
;SPYR 
;JSS
;RAD 
;SRAD 
;RHE 
;SRHE 
;CLM
;ECLM
;CMA
;ECMA
;MF
;CMF
;ECMF
;ISSC 
;ISTR 
;TIC 
;ITIC 
;ITN 
;LYG 
;GNA
;EGNA
;TEGNA
;GBT
;TGBT
;GHN 
;TGHN 
;TGO 
;VARIN
;EST
;JEST
;EUS
;HEUS
;JHEUS
;JFIN 
;GNE
;JGNE
;LBNK 
;RDK 
;BRDK 
;LBRDK 
;BRE
;LBRE
;TYB 
;BTYB 
;LBTYB 
;ECB 
;NECB 
;QQ
;QQQ
;EQQQ
;EQQB 
;QD
;QQD
;EQQD
;WTEM 
;TEQ
;WTEQ
;WTEC 
;TGA
;WTGA
;WTI 
;DUY 
;IDUY 
;IBCF 
;IBCL 
;FNLC 
;NWEB 
;FNWEB 
;NWD 
;FNWD 
;FOA 
;UNTY 
;DVL 
;QDVL 
;DVW 
;QDVW 
;PGE 
;APGE 
;API 
;APLD 
;SNDA 
;NDK 
;SNDK 
;OPIX 
;TOPIX 
;QOQOY
;CMC
;XCMC
;XCNA
;EWE
;XEWE
;XA
;EXA
;XEXA
;CAC
;EYX
;XEYX
;ZB
;EZB
;XEZB
;FAB 
;XFB 
;KR
;KKR
;REF 
;KREF 
;KRN 
;RNY 
;KRNY 
;HRA 
;INV 
;TCA
;ARE
;TARE
;DXP 
;DXPE 
;DXSE 
;MBH 
;FMBH 
;MNB 
;FMNB 
;FMTV
;EGER
;AEGER
;GPX 
;TGPX 
;OOK 
;COOK 
;AGEN 
;AGI 
;WD
;TWD
;FTWD
;DNF 
;RX
;SRX
;ASRX
;SRY
;ASRY
;ASTE 
;DEME 
;MTO 
;UEJ 
;QUEJ 
;UEU
;QUEU
;UIK 
;QUIK 
;URE 
;QURE 
;VNDA 
;NRA
;VNRA
;NOM 
;VNOM 
;TIER
;NTIER
;OKA
;QOKA
;NQOKA
;VIN 
;MVIN 
;EMVIN 
;BVI
;JLM
;BJLM
;JLN
;BJLN
;JLP
;BJLP
;JLR
;BJLR
;JLS
;BJLS
;ROC 
;AROC 
;AROW 
;ARQ 
;RRD 
;ARRD 
;RRY 
;ARRY 
;ULH 
;ULS 
;QSA
;IQSA
;QSD
;IQSD
;QSE
;IQSE
;TINC
;RTINC
;AIRT 
;UT
;IUT
;AIUT
;DIB 
;RDIB 
;RDUS 
;DVT 
;RDVT 
;RDW 
;DWR 
;RDWR 
;MIRM 
;ITK 
;MITK 
;MITT 
;BETF 
;ABETF 
;PEI 
;APEI 
;VH
;PVH
;TSO 
;ITSO 
;CITSO 
;UIG
;PUIG
;VBC 
;PVBC 
;PWO 
;WOD 
;PWOD 
;WP 
;PWP 
;ZVR 
;MCON 
;AMCON 
;JCO 
;DJCO 
;JDA 
;DJDA 
;DJT 
;WAF 
;WASH 
;ASX 
;BIZ 
;FBIZ 
;NXS 
;YAX 
;NYAX 
;XH 
;YXH 
;NYXH 
;NIE
;CNIE
;NNE 
;CNNE 
;LYB 
;ELYB 
;KELYB 
;KEN 
;KEP 
;KFS 
;NR
;DNR
;WDNR
;DTE
;WDTE
;WEA
;EAV 
;WEAV 
;OY 
;BOY 
;PMC 
;BPMC 
;PRN 
;BPRN 
;AYS 
;LAYS 
;CLAYS 
;TIC
;NTIC
;ANTIC
;QGE
;BQGE
;TID 
;ATID 
;SLS 
;RSLS 
;KRSLS 
;GUE
;XGUE
;VC
;GVC
;XGVC
;RNE 
;FRNE 
;RNU
;FRNU
;FRO 
;FRP 
;RPH 
;FRPH 
;LTH
;ALTH
;EALTH
;IGI
;DIGI
;WEL 
;NWEL 
;WPX 
;NWPX 
;NWS 
;RAL 
;ERAL 
;DERAL 
;NAL
;GNAL
;IGNAL
;FSP 
;FSTR 
;TGG
;FTGG
;COZ
;OZ
;KEN
;EKEN
;NEKEN
;BICO 
;JO 
;AJO 
;AAJO 
;ABV 
;COP
;SDAX 
;XESG 
;AXESG 
;CBRE
;BOT
;ABOT
;CABOT
;UDRE 
;CUD
;XCUD
;XDDA
;BA
;MBA
;JMBA
;RNE
;ERNE
;MBE
;JMBE
;JMSB 
;NHD
;JNHD
;ALCO 
;ALG 
;BXF 
;DBXF 
;BXI 
;DBXI 
;BAG 
;XBAG 
;BEE
;XBEE
;BIO
;XBIO
;BIT 
;XBIT 
;UZ
;BUZ
;XBUZ
;DAL
;DIENT
;DEA 
;ADEA 
;DMA 
;ADMA 
;AMSC 
;AMTB 
;MTM 
;AMTM 
;MWD 
;AMWD 
;MWL 
;AMWL 
;ALD
;RALD
;ERALD
;PPV 
;VEIR 
;PVEIR 
;EPRA 
;EPG 
;EEPG 
;EEX 
;FRN 
;EFRN 
;NIU 
;IBE 
;NIBE 
;JB 
;NJB 
;NCA
;KSH 
;NKSH 
;NKT 
;VAGE
;GF
;AGF
;VAGF
;VAGG
;GT
;AGT
;VAGT
;GY
;AGY
;VAGY
;IESC 
;MBP 
;AMBP 
;EIM 
;FEIM 
;ENC 
;FENC 
;EPX
;FEPX
;ERG 
;FERG 
;FET 
;MAP 
;NNSE 
;ENNSE 
;HAT 
;PHAT 
;GSD
;JGSD
;ESE
;IESE
;JILL 
;JEH
;JJEH
;AAU
;GIC
;MGIC
;RTS
;ORTS
;SORTS
;ACOM 
;MACOM 
;EV
;CEV
;CENTA 
;ENX 
;CENX 
;EUE
;CEUE
;CEVA 
;LDI 
;RST
;IRST
;FIRST
;IAL
;CIAL
;NCIAL
;PPO 
;EPPO 
;SIGHT 
;FEA 
;FFEA 
;FGC
;FFGC
;FIC 
;FFIC 
;FFIN 
;FNW 
;FFNW 
;NVM 
;VNO 
;NVNO 
;NVR
;NVRI 
;RM
;CRM
;CRMD 
;RMT 
;CRMT 
;CRNT 
;ONDI 
;PONDI 
;ZIA
;NZIA
;ENZIA
;CR
;SW
;USW
;IUSW
;UVE
;IUVE
;IVOA
;KYT 
;SKYT 
;LDB 
;SLDB 
;SVRA 
;SVV 
;SWA 
;SWBI 
;WIM 
;SWIM 
;WKH 
;SWKH 
;ONR 
;FONR 
;FOX 
;ELD
;WELD
;ELE
;WELE
;WELG
;LH
;ELH
;WELH
;AURA 
;UTL 
;AUTL 
;VAH 
;AVAH 
;VAV 
;AVAV 
;UNT
;MUNT
;AVD 
;EAN 
;ORTE 
;NORTE 
;ORP
;CORP
;ZCORP
;ZPW 
;EZPW 
;SFC 
;ADE
;FADE
;SH
;OSH
;KOSH
;HKOSH
;MO
;OSBC 
;SPN 
;OSPN 
;OSW 
;PATE
;RIN 
;TRIN 
;TRMD 
;RML 
;TRML 
;GO
;GEQ 
;ECC 
;GECC 
;CEE 
;JR
;GEZ
;XGEZ
;CC
;GCC
;GLF
;XGLF
;YNE
;DYNE
;ADYNE
;TEO 
;TERN 
;CMCL 
;CMCO 
;FIO 
;YLD 
;XYLD 
;NEX
;GNEX
;OGNEX
;GNT 
;CGNT 
;GON 
;CGON 
;HCI 
;CHCI 
;DRE
;ADRE
;CADRE
;OPT 
;COPT 
;CDP 
;SUE 
;YZ 
;RICO 
;OV
;SOV
;GSOV
;ASS 
;LASS 
;CLASS 
;XG
;SXG
;GSXG
;GRAN 
;IERRA 
;RGY
;ERGY
;NERGY
;GTES 
;GTK 
;EMBC 
;ERGY 
;NERGY 
;MLD
;XMLD
;MOV
;XMOV
;MVE
;XMVE
;SDAQ 
;AIAC 
;YAIAC 
;AEG 
;EHR 
;AEHR 
;AEIN 
;BINAS
;PAYS 
;YU 
;UYU 
;RUYU 
;FRUYU 
;PRK 
;RKS 
;PRKS 
;CTRI 
;CTRN 
;EDI
;JEDI
;JEGA
;EGS
;JEGS
;ENEB 
;SENEB 
;SER 
;ERA 
;SERA 
;SES 
;UA
;EUA
;SEUA
;SKB 
;SKE 
;SKF 
;KFA 
;SKFA 
;KFB 
;SKFB 
;KLZ 
;SKLZ 
;KM 
;SKM 
;KNB 
;SKNB 
;SAT
;ESAT
;LESAT
;NUA 
;TRST 
;SII 
;ILC 
;SILC 
;IV
;DIV
;VGTY 
;VGUE
;VHI 
;INR 
;TIGA
;INR
;TIL 
;ILE 
;TILE 
;SMES
;WSMES
;LEQ 
;ILEQ 
;AILEQ 
;IME
;AIME
;ARS
;VARS
;CVARS
;AIOT 
;AIP 
;IPE
;AIPE
;IPT
;AIPT
;VEL 
;VERA 
;TSE
;FTSE
;ERE
;VERE
;IEI
;AIEI
;WAIEI
;JLF
;BJLF
;JPM
;JLG
;BJLG
;JLH
;BJLH
;AID 
;DAID 
;HIDAC 
;NBW 
;ENBW 
;BMT 
;EBMT 
;EBS 
;BTC 
;EBTC 
;EBUY
;TOK 
;STOK 
;TRL 
;STRL 
;STRS 
;TRT 
;STRT 
;GAN 
;EGAN 
;GBN 
;EGBN 
;IOQ 
;GIOQ 
;EGIOQ 
;GRE
;EGRE
;STA
;ISTA
;RISTA
;NAV
;ANAV
;NGO 
;ANGO 
;ANI 
;EF
;NEAR
;INEAR
;OQ
;WOQ
;MWOQ
;WOS
;MWOS
;WRE
;MWRE
;XCT 
;MXCT 
;XHN 
;MXHN 
;URE
;SURE
;ISURE
;NIE 
;TNIE 
;TNK 
;EGVA 
;GVD 
;EGVD 
;AALCO 
;EGY 
;RDE 
;TRDE 
;TRDS
;MTU 
;MUM 
;OD
;STO
;ESTO
;RESTO
;NPCE 
;NPK 
;KI 
;PKI 
;NPKI 
;NPWR 
;RDS 
;NRDS 
;DL 
;HDL 
;EHDL 
;HDV
;EHDV
;EHLD 
;EHLT 
;XOR
;YXOR
;LYXOR
;WCM 
;CMK 
;WCMK 
;TRD
;WTRD
;WTW 
;OND
;MOND
;AMOND
;ILL
;HILL
;HIL 
;DHIL 
;DHT 
;IBS 
;DIBS 
;YES
;AYES
;YED
;AYED
;YEF
;AYEF
;YEN
;AYEN
;PEL
;XPEL
;XPAB
;PAM
;XPAM
;XPER 
;XPRO 
;DCE
;VDCE
;VDTE
;ECA 
;IECA 
;VIECA 
;PAO 
;CRVO 
;RVS 
;CRVS 
;RZK 
;CRZK 
;OTS 
;LOTS 
;LLOTS 
;UCO
;SUCO
;ISUCO
;SFBC 
;FQ 
;SFQ 
;RXO
;RXST 
;VAAV 
;RVAAV 
;KY
;NKY
;XNKY
;NNV
;XNNV
;NUS
;XNUS
;ZE
;NZE
;XNZE
;ZW
;NZW
;XNZW
;BYNN 
;YRN 
;BYRN 
;BYW 
;TFE 
;ETFE 
;DF
;ODF
;CODF
;CAAP 
;CABA 
;AKA 
;OH
;LEI 
;ENZ 
;LENZ 
;ESU
;LESU
;DEAM 
;DEC 
;ECD
;DECD
;ECR 
;DECR 
;SEN 
;MSEN 
;SAG 
;MSAG 
;MRI 
;CMRI 
;ACMRI 
;RAT
;ZTA 
;OZTA 
;ZI
;SOR
;BC
;EBC
;WEBC
;EBD
;WEBD
;BG
;EBG
;WEBG
;BH
;EBH
;WEBH
;BI
;EBI
;WEBI
;BN
;EBN
;WEBN
;WPP 
;RNW
;WRNW
;IBCO 
;NNA 
;HNNA 
;HNRG 
;HNST 
;HNVR 
;OFT 
;HOFT 
;CEP 
;CCEP 
;CCI 
;CCJ 
;CNE 
;CCNE 
;ONON 
;OOMA 
;HSTM 
;HTB
;TBK 
;HTBK 
;SHA 
;ISHA 
;HU 
;OHU 
;COHU 
;COK 
;DGE
;XDGE
;GM
;DGM
;XDGM
;DGS
;XDGS
;GU
;DGU
;XDGU
;JE
;DJE
;XDJE
;IICS 
;SIICS 
;CM
;UCM
;XUCM
;CS
;UCS
;XUCS
;EB
;UEB
;XUEB
;WLS 
;UROPE
;OPE
;ROPE
;MIC 
;AMIC 
;LAMIC 
;IRA 
;LIRA 
;CFE
;BCFE
;BCG 
;CML 
;BCML 
;RILEY
;NIBS 
;NNIBS 
;IZD 
;RIZD 
;IZF 
;RIZF 
;LICA 
;EIF 
;OEIF 
;TOEIF 
;QH
;PQH
;SPQH
;PRY 
;SPRY 
;PSA
;SPSA
;AFN 
;BAFN 
;BAKA 
;AMX 
;TCE
;ABC
;TABC
;ABI
;TABI
;TAC 
;SIN
;ESIN
;SNT 
;ESNT 
;SOA 
;ESOA 
;EYS
;REYS
;PREYS
;MLAB 
;LKN 
;MLKN 
;MLL 
;GEAR
;TGEAR
;TUTE 
;NTUTE 
;NTGR 
;ENS
;ZENS
;NTIC 
;NTRA 
;TRB 
;NTRB 
;WO
;IWO
;RIWO
;FRIWO
;CEA 
;EBO
;CEBO
;CEBD
;PAA 
;MPAA 
;MPB 
;PCK 
;MPCK 
;PTI 
;MPTI 
;FI
;OFI
;NOFI
;ANOFI
;SNRE 
;SOBO 
;UVY 
;OUVY 
;UOUVY 
;LAW
;ELAW
;LAY
;ELAY
;ELB 
;HOV 
;ASIA
;IFIC 
;CIFIC 
;KETS 
;RKETS 
;RIS
;ARIS
;PARIS
;KGNE
;KGS 
;KGX 
;IDS 
;KIDS 
;IND 
;KIND 
;KLAC 
;RAF 
;FRAF 
;FRBA 
;MAYS 
;MBB 
;BCN 
;MBCN 
;RII 
;ERII 
;NX
;RNX
;ERNX
;PARES
;MITY
;VMITY
;ZIM 
;MEN
;OMEN
;KOMEN
;HDD 
;HDSN 
;TES
;LXG 
;FLXG 
;LXI 
;FLXI 
;LXP 
;FLXP 
;FLXS 
;XT
;LXT
;FLXT
;FLXU 
;RRED
;ERRED
;PESI 
;PFBC 
;IBRX 
;BTA 
;IBTA 
;IBU 
;FP
;CFP
;ICFP
;CGA
;ICGA
;MON
;IMON
;SIMON
;OFF 
;LOTE 
;LLOTE 
;FW
;PFW
;SPFW
;PIR 
;SPIR 
;SPM 
;DEE
;UTY 
;CUTY 
;OCUTY 
;IU
;YIU
;CVT 
;ECVT 
;DEU
;EDEU
;EDL 
;WRS 
;GWRS 
;ZBIO 
;ZETA 
;EUS 
;ZEUS 
;DSP 
;DSX 
;SPS
;ISPS
;JPA
;VJPA
;JPE
;VJPE
;VKTX 
;ASY
;EASY
;LED
;VLED
;XI
;YXI
;LYXI
;XU
;YXU
;LYXU
;LYY 
;YYO
;LYYO
;IY 
;DIY 
;ODIY 
;TODIY 
;CARE 
;CASH 
;CASI 
;RMR
;NAC 
;RNAC 
;RNGR 
;SEN
;TSEN
;ATSEN
;YOC 
;ORW 
;YORW 
;OTA 
;YOTA 
;BOUT 
;ABOUT 
;YSG 
;YSN 
;EAL
;REAL
;OREAL
;OVE 
;LOVE 
;OWD
;LOWD
;LPA 
;LHTC 
;LIF 
;IGS
;LIGS
;IOX 
;BIOX 
;BIRG 
;OWO
;AOWO
;AAOWO
;PRAB 
;AJ
;RAJ
;PRAJ
;RAM
;PRAM
;PRAR 
;RAX 
;PRAX 
;PER
;MPER
;EMPER
;MDA 
;KMDA 
;ZBE
;XZBE
;ZBU 
;XZBU 
;ZDE
;XZDE
;ZDU
;XZDU
;ZDW
;XZDW
;SBX 
;COH 
;SCOH 
;OJ 
;COJ 
;SCOJ 
;GBK 
;HINA
;CHINA
;GPRK 
;GRAIL 
;GRAL 
;GRB 
;RBK 
;GRBK 
;XRQ 
;SXRQ 
;XRS
;SXRS
;XRY 
;SXRY 
;XRZ 
;SXRZ 
;IHL 
;FIHL 
;INW 
;FINW 
;ISI 
;FISI 
;TD
;LTD
;OYU 
;DOYU 
;PGA
;DPGA
;ASP 
;ASPI 
;ASPN 
;CGI 
;XTH
;IXTH
;SIXTH
;TSHA 
;TSQ 
;TSS 
;ZEO
;AZEO
;RAZEO
;UNS 
;EUNS 
;NZ
;UNZ
;EUNZ
;PB
;UPB
;EUPB
;EUQ 
;XUHE
;UHY 
;XUHY 
;UIN
;XUIN
;USW 
;XUSW 
;DING 
;LDING 
;HAIN 
;HALO 
;HAW 
;GEU
;FGEU
;FHI 
;HTX 
;FHTX 
;ABV
;PABV
;BW
;ABW
;PABW
;PACK 
;ISOL 
;SOM 
;ISOM 
;SOQ 
;ISOQ 
;VSA
;FVSA
;VSH
;FVSH
;SJ
;VSJ
;FVSJ
;UI
;VUI
;FVUI
;FWEA
;WIA
;FWIA
;MBK 
;SUSS 
;MHN 
;SMHN 
;LK
;MLK
;SMLK
;MLR 
;SMLR 
;ALR 
;NDO
;ANDO
;TOSS
;ATOSS
;TOM
;STOM
;LSTOM
;ANVS 
;AOF 
;AOO 
;AORT 
;AMB 
;XAMB 
;AME
;XAME
;UBI
;AUBI
;UBL
;AUBL
;UBP
;BQ 
;UBQ 
;AUBQ 
;UBR
;ELL
;WELL
;OWELL
;POWL 
;PIH 
;PPIH 
;PTA 
;PPTA 
;DMD 
;BDMD 
;BDT 
;DTX 
;BDTX 
;WNS
;WNEB 
;QUE
;XQUE
;XREA
;RME
;XRME
;LZE 
;BLZE 
;BMEA 
;BMRC 
;AAOS
;AZTA 
;KBA 
;AKBA 
;AKR 
;BTN 
;ZS
;UMA 
;HUMA 
;URC 
;HURC 
;BCAL 
;CBP 
;BCBP 
;RWR 
;ARWR 
;ASC 
;SVR 
;RSVR 
;RUM 
;USHA 
;RUSHA 
;APT 
;XJ
;PXJ
;APXJ
;ARAY 
;LAN
;ELAN
;SBP 
;KOD 
;KODK 
;EMSA 
;FEMSA 
;KOF 
;KOP 
;BLCO 
;LFS 
;BLFS 
;LFY 
;BLFY 
;ONA
;BONA
;ENK 
;GENK 
;ERD
;GERD
;GERN 
;MZ 
;UMZ 
;ZUMZ 
;ZURA 
;GFR 
;GFT 
;TNB 
;ETNB 
;ETON 
;LIUT 
;ULIUT 
;CUG
;ACUG
;UU
;CUU
;ACUU
;ACV 
;CVA 
;ACVA 
;CWN 
;ACWN 
;INTR 
;NTT 
;INTT 
;VX
;NVX
;INVX
;IMCD 
;INX 
;NZY 
;INZY 
;XTR 
;EXTR 
;XUS
;EXUS
;SAMG 
;SAND 
;SAR 
;AGX 
;AHCO 
;DWU 
;XDWU 
;DWY 
;XDWY 
;ECT
;XECT
;ZLT 
;RZLT 
;MXU
;EMXU
;ENA 
;NDH
;ENDH
;NLT 
;ENLT 
;RV
;PRV
;ZPRV
;ICORP 
;BARK 
;GBP
;HBNC 
;HBT 
;HCKT 
;BPB 
;PBPB 
;PBT 
;PCB 
;SPER 
;ASPER 
;JSPR 
;JSRI
;JOST 
;JST 
;SUD
;JSUD
;JSUE
;WIS 
;KHS 
;WKHS 
;GCBC 
;GCM 
;GCMG 
;GCT 
;GCTS 
;HAO 
;SHAO 
;SHBI 
;SHCO 
;MNMD 
;NSB 
;MNSB 
;MOD 
;TDH
;WTDH
;TDI
;WTDI
;TDM 
;WTDM 
;TDX 
;WTDX 
;TDY
;WTDY
;CAVA 
;CBAN 
;BFV 
;CBFV 
;BGB 
;CBGB 
;AGC
;ATA 
;IATA 
;OMI
;TOMI
;FACC 
;GMQ 
;IGMQ 
;KIGMQ 
;ENVA 
;CNIA 
;NUA
;CNUA
;ODA 
;CODA 
;RLGT 
;RLX 
;IEU
;TIEU
;MMO 
;IMMO 
;VIRK 
;AVIRK 
;VNW 
;AVNW 
;AHY 
;IAHY 
;VIAHY 
;NIC
;VNIC
;IVNIC
;UBB
;UBD
;OSL 
;ORGO 
;RIC 
;ORIC 
;ZER
;TZER
;ITZER
;ZU 
;QEOE
;MAS
;UMAS
;LUMAS
;LBC 
;PLBC 
;LCE 
;PLCE 
;PLL 
;DORR 
;ABSI 
;STI 
;SSTI 
;STK 
;SSTK 
;SSYS 
;EICO 
;TEICO 
;ADL 
;CADL 
;CALM 
;OQY
;QOQY
;SCOZ
;SCE 
;LV
;LINC 
;LIND 
;IRU
;LIRU
;LIVE 
;IFO
;SIFO
;MOB 
;VL
;MVL
;PAH
;SPAH
;BAD 
;OBIO 
;OBS 
;OBT 
;IK
;UFE
;OUFE
;UST 
;OUST 
;OVBC 
;OVLY 
;SSY 
;ASSY 
;PASSY 
;CPT
;FCPT
;DBC 
;FDBC 
;DMT 
;FDMT 
;FDUS 
;CP
;UCP
;TUCP
;TUYA 
;TWFG 
;FEG 
;WFEG 
;TWFEG 
;OHB 
;USC 
;IUSC 
;USL 
;IUSL 
;USN 
;IUSN 
;HQ 
;XHQ 
;EXHQ 
;XHA 
;EXHA 
;ENE
;TENE
;LME
;SLME
;LNO 
;SLNO 
;LQT 
;SLQT 
;SLRC 
;LSA 
;SLSA 
;UNG 
;LUNG 
;UTI
;LUTI
;TL
;UTL
;LUTL
;YF
;HYF
;AHYF
;YH
;HYH
;AHYH
;YQ
;HYQ
;AHYQ
;YT
;HYT
;AHYT
;YZ
;HYZ
;AHYZ
;BRCC 
;BRF
;BRES 
;RID 
;BRID 
;RLS 
;BRLS 
;PRI
;APRI
;CAPRI
;CPS 
;PSS 
;CPSS 
;MEB 
;WMEB 
;MOT
;WMOT
;THQ 
;HFE
;THFE
;HFF 
;THFF 
;JRGE
;RUB
;JRUB
;JRUD
;RUE
;JRUE
;RVR 
;JRVR 
;MFA
;EQA 
;MEQA 
;ERC 
;MERC 
;MEX 
;FS
;IFS
;OSP 
;IOSP 
;IOVA 
;PAY
;EPAY
;REPAY
;OIV 
;ROIV 
;RPAY 
;ICS
;TICS
;UTICS
;EEM 
;BEEM 
;LFA 
;ELFA 
;BELFA 
;TC
;PTC
;TGX 
;PTGX 
;TMN 
;PTMN 
;CEBI
;BK
;EBK
;CEBK
;EBR
;CEBR
;BU
;EBU
;CEBU
;MLT 
;LTX 
;MLTX 
;PES
;APES
;ATT 
;TATT 
;AYD 
;TAYD 
;TBBB 
;BCH
;TBCH
;BLA 
;TBLA 
;BEZ 
;BFC 
;BFH 
;BFIN 
;SIBN 
;TAPES
;TPB 
;TPC 
;PVA 
;TPE 
;NNV 
;INNV 
;NOD 
;INOD 
;NSE 
;INSE 
;INSG 
;NSM 
;INSM 
;UNN
;SUNN
;UNJ 
;EUNJ 
;UNK 
;EUNK 
;ABQ 
;BEO 
;ABEO 
;LASS
;CLASS
;ACA
;GACA
;ACB
;GACB
;CL
;ACL
;GACL
;GAMB 
;HIFS
;IFS 
;HIFS 
;HII 
;IMS 
;HIMS 
;SMC
;LSMC
;TCM
;LTCM
;NEU 
;EXA 
;NEXA 
;EXN 
;NEXN 
;EXT 
;NEXT 
